"id","value","label_kor","label_eng","tier","tier_cn","set_ids","set_names_ko","effect_content","image","description","level","created_at","disabled","source_url","scraped_at"
"1","reinforced_potion_lid","강화 포션 뚜껑","reinforced_potion_lid","common","普通","alchemy","연금술","[고유] 현재 HP가 30% 이하일 때 HP 포션 효과가 +30% 증가","https://img.sephiria.wiki/artifacts/reinforced_potion_lid.webp","약사의 피로와 새벽의 감성이 만든 특이한 물건","0","2025-07-14T10:12:34.52703+00:00","False","https://www.sephiria.wiki/artifact","2026-08-02T10:51:21.5595648Z"
"2","eye_crystal_necklace","눈 결정 목걸이","eye_crystal_necklace","common","普通","glacier","빙하","[고유] 동상에 걸린 대상의 이동 속도를 5/10/15% 추가로 감소
얼음속성 피해 +1/3/5
이동 속도 +1/3/5%","https://img.sephiria.wiki/artifacts/eye_crystal_necklace.png","싸락눈 중 가장 단순한 결정을 모티브로 했습니다.","2","2025-07-14T10:14:24.374777+00:00","False","https://www.sephiria.wiki/artifact","2026-08-02T10:51:21.5595648Z"
"3","mast_model","돛대 모형","mast_model","common","普通","extrium","먹구름","먹구름의 소모 속도 +20/40/60%","https://img.sephiria.wiki/artifacts/mast_model.png","과거 커다란 홍수가 생겼을 때 배를 묶어서 살아남기를 도모한 자들이 있었다.","2","2025-07-22T09:17:38.506935+00:00","False","https://www.sephiria.wiki/artifact","2026-08-02T10:51:21.5595648Z"
"4","lightning_bolt","라이트닝 볼트","lightning_bolt","common","普通","magic_engineering","마법공학","[고유] 라이트닝 볼트 획득","https://img.sephiria.wiki/artifacts/lightning_bolt.png","라이트닝 볼트 마법이 적혀있는 책.","1","2025-07-22T09:20:29.598819+00:00","False","https://www.sephiria.wiki/artifact","2026-08-02T10:51:21.5595648Z"
"5","wizard","마법사의 동전","wizard","common","普通","academy","아카데미","[고유] 보상에서 마법서가 등장할 확률 50% 증가
마법서 가속 +15/20/30","https://img.sephiria.wiki/artifacts/wizard.png","그들이 놀이용으로 사용하던 것.
자신의 마법을 쏟아내어 원하는 면으로 떨어지게 한다.","2","2025-07-22T09:25:20.576241+00:00","False","https://www.sephiria.wiki/artifact","2026-08-02T10:51:21.5595648Z"
"6","dried_flower","말라버린 꽃","dried_flower","common","普通","lake","호수","치명타 확률 +2/4/6%
최대 MP +2/4/6","https://img.sephiria.wiki/artifacts/dried_flower.png","어디서든 씩씩하게 자라는 꽃을 정갈하게 말린 것.","2","2025-07-22T09:46:10.380579+00:00","False","https://www.sephiria.wiki/artifact","2026-08-02T10:51:21.5595648Z"
"7","amulet","명석함의 부적","amulet","common","普通","glacier","빙하","[고유] 얼음 속성 피해 +3/4/6/8","https://img.sephiria.wiki/artifacts/amulet.webp","지닌 자의 잡념을 지워준다.","3","2025-07-22T09:47:46.285396+00:00","False","https://www.sephiria.wiki/artifact","2026-08-02T10:51:21.5595648Z"
"8","windpool_shawl","바람풀 목도리","windpool_shawl","common","普通","spring_song","바람노래","[고유] 대시 공격 피해 +30/45/60/80%","https://img.sephiria.wiki/artifacts/windpool_shawl.png","더 멋진 동물이 된 것 같은 기분을 주는 치장용 목도리.","3","2025-07-28T11:22:51.369507+00:00","False","https://www.sephiria.wiki/artifact","2026-08-02T10:51:21.5595648Z"
"9","shield_technique_manual","방패술 교본","shield_technique_manual","common","普通","firmness","견고","특수 공격 피해 +5/8%","https://img.sephiria.wiki/artifacts/shield_technique_manual.png","'어린 동물에게 보여주지 마시오'라고 쓰여있다.","1","2025-07-28T11:32:31.011+00:00","False","https://www.sephiria.wiki/artifact","2026-08-02T10:51:21.5595648Z"
"10","begonia_flavor_pocket","베고니아 향 주머니","begonia_flavor_pocket","common","普通","firmness","견고","일반 공격 피해 +5/10%","https://img.sephiria.wiki/artifacts/begonia_flavor_pocket.png","가방에 넣어두면 자연스러운 꽃향기가 납니다.","1","2025-08-04T05:10:54.297843+00:00","False","https://www.sephiria.wiki/artifact","2026-08-02T10:51:21.5595648Z"
"11","shield","보호막","shield","common","普通","guardian","수호","[고유] 보호막 획득","https://img.sephiria.wiki/artifacts/shield.webp","보호막 마법이 적혀있는 책.","1","2025-08-04T06:27:31.655349+00:00","False","https://www.sephiria.wiki/artifact","2026-08-02T10:51:21.5595648Z"
"12","unclean_bandage","부정한 붕대","unclean_bandage","common","普通","precision","정밀","[고유] 치명타 확률 +1/3/6/9%
물리 피해 +1/2/3/3","https://img.sephiria.wiki/artifacts/unclean_bandage.png","춤추는 그을은 연기처럼.","3","2025-08-05T09:54:42.306613+00:00","False","https://www.sephiria.wiki/artifact","2026-08-02T10:51:21.5595648Z"
"13","ice_bolt","아이스 볼트","ice_bolt","common","普通","glacier","빙하","[고유] 아이스 볼트 획득","https://img.sephiria.wiki/artifacts/ice_bolt.png","아이스 볼트 마법이 적혀있는 책.","1","2025-08-05T09:56:36.517258+00:00","False","https://www.sephiria.wiki/artifact","2026-08-02T10:51:21.5595648Z"
"14","compression_band","압박 밴드","compression_band","common","普通","spring_song","바람노래","[고유] 대시 회복 속도 +10/15/30%","https://img.sephiria.wiki/artifacts/compression_band.png","털을 감춰 더 빠르게 움직일 수 있게 한다…는 인식을 심어준다.","2","2025-08-05T09:57:59.218589+00:00","False","https://www.sephiria.wiki/artifact","2026-08-02T10:51:21.5595648Z"
"15","endodits_questionnaire","엔도디토의 문진","endodits_questionnaire","common","普通","lake","호수","MP 재생 +3/6/9
최대 MP +3/6/9","https://img.sephiria.wiki/artifacts/endodits_questionnaire.png","양피지가 있으면 자동으로 펴주는 마법 도구.","2","2025-08-05T09:59:38.756352+00:00","False","https://www.sephiria.wiki/artifact","2026-08-02T10:51:21.5595648Z"
"16","smoke_screen","연막","smoke_screen","common","普通","shadow","그림자","[고유] 연막 획득","https://img.sephiria.wiki/artifacts/smoke_screen.png","연막 마법이 적혀있는 책.","0","2025-08-05T10:01:51.643932+00:00","False","https://www.sephiria.wiki/artifact","2026-08-02T10:51:21.5595648Z"
"17","amulet_of_aspiration","열망의 부적","amulet_of_aspiration","common","普通","precision","정밀","[고유] 무기 공격의 치명타 확률 +3/6/10/14% 증가","https://img.sephiria.wiki/artifacts/amulet_of_aspiration.png","바라건대 이 몸에 강인한 영혼을.","3","2025-08-05T10:03:41.560721+00:00","False","https://www.sephiria.wiki/artifact","2026-08-02T10:51:21.5595648Z"
"18","ohia_lehua","오히아 레후아","ohia_lehua","common","普通","yinggalbul","잉걸불","[고유] 무기 공격이나 마법서로 피해를 주면 대상에게 10/20/30 화염속성 피해를 가함 (재사용 대기시간 2초)","https://img.sephiria.wiki/artifacts/ohia_lehua.webp","이 꽃을 꺾으면 비가 내린다.","2","2025-08-05T10:05:09.692538+00:00","False","https://www.sephiria.wiki/artifact","2026-08-02T10:51:21.5595648Z"
"19","silver_plate","은접시","silver_plate","common","普通","firmness","견고","<제약> 인벤토리 가장 아래 칸에 있을 때 효과 발동
[고유] 일반 공격 피해 +3/6/10%
특수 공격 피해 +3/6/10%","https://img.sephiria.wiki/artifacts/silver_plate.png","피가 그 열쇠다.","2","2025-08-05T10:08:43.315984+00:00","False","https://www.sephiria.wiki/artifact","2026-08-02T10:51:21.5595648Z"
"20","straw","지푸라기 인형","straw","common","普通","lake","호수","MP 재생 +3/6/9
치명타 피해 +2/3/5%","https://img.sephiria.wiki/artifacts/straw.png","마사지를 해주면 자신도 시원해지는 기분입니다.","2","2025-08-05T10:10:22.660136+00:00","False","https://www.sephiria.wiki/artifact","2026-08-02T10:51:21.5595648Z"
"21","chiri","찌릿 슈크림빵","chiri","common","普通","extrium","먹구름","적 처치 시 33% 확률로 전기 빵이 바닥에 떨어짐
전기 빵을 먹으면 먹구름 1/2/3 획득","https://img.sephiria.wiki/artifacts/chiri.png","커스터드로 속을 채워넣은 빵.
빠르게 먹지 않으면 흘러내린다.","2","2025-08-05T10:15:20.985706+00:00","False","https://www.sephiria.wiki/artifact","2026-08-02T10:51:21.5595648Z"
"22","cloth_armor","천 갑옷","cloth_armor","common","普通","guardian","수호","방어력 +3/6","https://img.sephiria.wiki/artifacts/cloth_armor.png","두꺼운 재질이 보온이 필요 없는 동물에게도 따뜻함을 줍니다.","1","2025-08-05T10:19:09.719123+00:00","False","https://www.sephiria.wiki/artifact","2026-08-02T10:51:21.5595648Z"
"23","green_tooth","초록색 톱니","green_tooth","common","普通","precision","정밀","[고유] 전투 중 MP 소모 15당 치명타 확률 +3% 버프 획득 (20초간, 최대 3중첩 누적)","https://img.sephiria.wiki/artifacts/green_tooth.png","어딘가에 부착하면 스스로 돌아가는 마법이 걸려있다.","0","2025-08-05T10:21:09.533409+00:00","False","https://www.sephiria.wiki/artifact","2026-08-02T10:51:21.5595648Z"
"24","blessing","축복","blessing","common","普通","","","[고유] 축복 획득","https://img.sephiria.wiki/artifacts/blessing.png","축복 마법이 적혀있는 책.","2","2025-08-05T10:34:42.736663+00:00","False","https://www.sephiria.wiki/artifact","2026-08-02T10:51:21.5595648Z"
"25","calges","캘세더니 열쇠","calges","advanced","高级","magic_engineering","마법공학","[고유] 위치한 가로줄에 따라 견고, 잉걸불, 빙하, 마법공학 중 하나의 콤보가 부여됨
부여된 콤보와 관련된 속성 피해 +2/4/6/8","https://img.sephiria.wiki/artifacts/calges_2.png","어딘가를 여는 것이 아닌 의식을 위해 만들어졌다.","3","2025-08-05T10:42:14.877831+00:00","False","https://www.sephiria.wiki/artifact","2026-08-02T10:51:21.5595648Z"
"26","criton","크리톤의 인장","criton","common","普通","bargaining","교섭","잎 획득량 +10/25/50%","https://img.sephiria.wiki/artifacts/criton.png","탑에서 남용되어 화폐가 될 뻔한 물건.","2","2025-08-05T10:43:31.404029+00:00","False","https://www.sephiria.wiki/artifact","2026-08-02T10:51:21.5595648Z"
"27","fire_bolt","파이어 볼트","fire_bolt","common","普通","yinggalbul","잉걸불","[고유] 파이어 볼트 획득","https://img.sephiria.wiki/artifacts/fire_bolt.png","파이어 볼트 마법이 적혀있는 책.","1","2025-08-05T10:44:45.182837+00:00","False","https://www.sephiria.wiki/artifact","2026-08-02T10:51:21.5595648Z"
"28","pro","프로슘 반지","pro","common","普通","glacier","빙하","[고유] 무기 공격이나 마법서로 피해를 주면 대상에게 10/20/30 얼음속성 피해를 가함 (재사용 대기시간 2초)","https://img.sephiria.wiki/artifacts/pro.png","얼음 협곡 중심부에서 채취한 물질을 가공한 반지","2","2025-08-05T10:46:26.537552+00:00","False","https://www.sephiria.wiki/artifact","2026-08-02T10:51:21.5595648Z"
"29","golden_leaf","황금 단풍잎","golden_leaf","common","普通","bargaining","교섭","[고유] 경험치 드롭 +10%","https://img.sephiria.wiki/artifacts/golden_leaf.png","상인 협회에서 만든 기념주화.","0","2025-08-05T10:47:36.25524+00:00","False","https://www.sephiria.wiki/artifact","2026-08-02T10:51:21.5595648Z"
"30","amulet_of_power","힘의 부적","amulet_of_power","common","普通","firmness","견고","[고유] 물리 피해 +2/3/4/6","https://img.sephiria.wiki/artifacts/amulet_of_power.webp","믿음직스럽지 않게 '힘'이라 적혀 있다.","3","2025-08-05T10:48:46.210845+00:00","False","https://www.sephiria.wiki/artifact","2026-08-02T10:51:21.5595648Z"
"31","thornbush","가시덤불","thornbush","advanced","高级","spring_song","바람노래","<제약> 인벤토리 안쪽에 있을 때 효과 발동
[고유] 대시 중 닿은 적을 물리 피해의 30/45/60/75/100%로 공격
대시 횟수 소모시 2배 피해","https://img.sephiria.wiki/artifacts/thornbush.png","다가오지 말아요.","4","2025-08-05T10:50:26.522573+00:00","False","https://www.sephiria.wiki/artifact","2026-08-02T10:51:21.5595648Z"
"32","thorn_shell","가시 등껍질","thorn_shell","advanced","高级","guardian","수호","[고유] 가시 +150/300/450%
방어력 +1/2/3","https://img.sephiria.wiki/artifacts/thorn_shell.png","스스로가 찔리지 않도록 팔을 잘 조절해야 합니다.","2","2025-08-05T10:57:41.496918+00:00","False","https://www.sephiria.wiki/artifact","2026-08-02T10:51:21.5595648Z"
"33","viscosity","가시 부적","viscosity","advanced","高级","firmness","견고","[고유] 치명타 확률 +2/4/6/10%
물리 피해 +1/1/2/3","https://img.sephiria.wiki/artifacts/viscosity.png","가방에 넣어두면 가시가 삐져나올 것 같다.","3","2025-08-05T11:00:44.450183+00:00","False","https://www.sephiria.wiki/artifact","2026-08-02T10:51:21.5595648Z"
"34","simple_contract","간이 계약서","simple_contract","advanced","高级","colleague","동료","[고유] 동료들의 최대 HP +25/55/88/120/150%","https://img.sephiria.wiki/artifacts/simple_contract.png","주로 소환 마법에 사용되는, 마법을 담아둘 수 있는 신비한 종이.","5","2025-08-05T11:03:20.013563+00:00","False","https://www.sephiria.wiki/artifact","2026-08-02T10:51:21.5595648Z"
"35","craving","갈망의 보주","craving","advanced","高级","academy","아카데미","[고유] MP를 15 점유하여 마법서로 주는 피해량이 10/12/15/18% 증가","https://img.sephiria.wiki/artifacts/craving.png","쳐다보고 있으면 눈이 해롱해롱해집니다.","3","2025-08-05T11:04:39.398508+00:00","False","https://www.sephiria.wiki/artifact","2026-08-02T10:51:21.5595648Z"
"36","cloud_bottle","구름 병","cloud_bottle","advanced","高级","extrium","먹구름","대시 공격 성공 시 먹구름 1/2/3/5/7/10 획득 (재사용 대기시간 3.5초)
먹구름의 소모 속도 +5/10/15/20/25/30%","https://img.sephiria.wiki/artifacts/cloud_bottle.png","먹구름을 담아둔 특별한 마법 주머니.","5","2025-08-05T11:06:33.318468+00:00","False","https://www.sephiria.wiki/artifact","2026-08-02T10:51:21.5595648Z"
"37","cloud_seed_arrowhead","구름씨 화살촉","cloud_seed_arrowhead","advanced","高级","extrium","먹구름","먹구름의 벼락이 5/10/15/23/35/50% 확률로 강화되어 발사됨","https://img.sephiria.wiki/artifacts/cloud_seed_arrowhead.png","구름에 쏘면 비가 내린다고 한다.","5","2025-08-05T11:09:07.842882+00:00","False","https://www.sephiria.wiki/artifact","2026-08-02T10:51:21.5595648Z"
"38","gold_cloak","금빛 망토","gold_cloak","advanced","高级","spring_song","바람노래","[고유] 대시 횟수 +1/1/2
공격 속도 +3/6/9%","https://img.sephiria.wiki/artifacts/gold_cloak.png","이 망토는 왜 안쪽까지 금빛일까?","2","2025-08-05T11:10:11.591121+00:00","False","https://www.sephiria.wiki/artifact","2026-08-02T10:51:21.5595648Z"
"39","golden_hand_bell","금빛 핸드벨","golden_hand_bell","advanced","高级","colleague","동료","[고유] 함께 싸워주는 동료 소환","https://img.sephiria.wiki/artifacts/golden_hand_bell.png","금빛 핸드벨.","4","2025-08-05T11:11:37.706543+00:00","False","https://www.sephiria.wiki/artifact","2026-08-02T10:51:21.5595648Z"
"40","broken_mirror","깨진 거울","broken_mirror","advanced","高级","guardian","수호","[고유] 장소 이동시 내구도 +5/12의 보호막 획득
방어력 +4/8","https://img.sephiria.wiki/artifacts/broken_mirror.png","고쳐줄 수 있는 사람이 어딘가에 있을지도 몰라.","1","2025-08-05T11:12:46.046649+00:00","False","https://www.sephiria.wiki/artifact","2026-08-02T10:51:21.5595648Z"
"41","yellow_planet","노란 행성","yellow_planet","advanced","高级","planet","행성","[고유] 피해량 20/26/32/38/45/52/60의 튕기는 물리 탄환을 발사하는 노란 행성 소환","https://img.sephiria.wiki/artifacts/yellow_planet.png","도서관에 전시되어 있던 노란 행성.
과거 하늘 밖을 보던 자들이 만들었다.","6","2025-08-05T11:13:50.903469+00:00","False","https://www.sephiria.wiki/artifact","2026-08-02T10:51:21.5595648Z"
"42","snowborne","눈보라 망치","snowborne","advanced","高级","ice_weapon","얼음무구","[고유] 전투 중 7초마다 충전. 충전 이후 대시 시 아래 효과 발동
주변 적에게 망치를 날려 얼음 피해를 가함
(피해량: 14 + 얼음 속성 피해 50/100/150/200/250/300%)","https://img.sephiria.wiki/artifacts/snowborne.png","푸른 불을 사용하던 용광로 옆에 놓여있었다 전해지고 있습니다.","5","2025-08-05T11:16:07.21643+00:00","False","https://www.sephiria.wiki/artifact","2026-08-02T10:51:21.5595648Z"
"43","great_blessing","대축복","great_blessing","advanced","高级","mystery","신비","[고유] 대축복 획득","https://img.sephiria.wiki/artifacts/great_blessing.png","대축복 마법이 적혀있는 책.","2","2025-08-05T11:17:23.964707+00:00","False","https://www.sephiria.wiki/artifact","2026-08-02T10:51:21.5595648Z"
"44","ray_known","레이에 별조각","ray_known","advanced","高级","academy","아카데미","왼쪽 칸의 마법서 MP 소모 30/35/42/55% 감소","https://img.sephiria.wiki/artifacts/ray_known.png","아주 뜨겁고 밝은 별에서 나온 조각.","3","2025-08-05T11:18:57.001348+00:00","False","https://www.sephiria.wiki/artifact","2026-08-02T10:51:21.5595648Z"
"45","lip","리포스테 봉 파편","lip","advanced","高级","firmness","견고","[고유] 카운터: 가드 시 전방으로 짧은 근접 공격 생성함 (물리 피해의 100/200/310/440/580/720%)
봉 전용","https://img.sephiria.wiki/artifacts/lip.png","소유자의 움직임을 방해하지 않는 정교한 봉 파편.","5","2025-08-05T11:20:21.438951+00:00","False","https://www.sephiria.wiki/artifact","2026-08-02T10:51:21.5595648Z"
"46","magma_bead","마그마 구슬","magma_bead","legend","传说","yinggalbul","잉걸불","[고유] 화상 부여 시 0/1/1/2회 추가 부여
화상 중첩 +1/1/1/2","https://img.sephiria.wiki/artifacts/magma_bead.png","마그마의 기운을 머금은 구슬.","3","2025-08-05T11:21:41.843045+00:00","False","https://www.sephiria.wiki/artifact","2026-08-02T10:51:21.5595648Z"
"47","magic_carrot","마법 당근","magic_carrot","advanced","高级","element","원소","<제약> 인벤토리 최상단에 있을 때 효과 발동
[고유] 가장 높은 속성 피해 +2/3/4/6/8
이동 속도 +2/4/6/8/10%","https://img.sephiria.wiki/artifacts/magic_carrot.png","가끔 발견되는 특별한 당근.
썩지 않지만 먹을 수 없다.","4","2025-08-05T11:23:32.123329+00:00","False","https://www.sephiria.wiki/artifact","2026-08-02T10:51:21.5595648Z"
"48","kaleidoscope","만화경","kaleidoscope","advanced","高级","precision","정밀","대상의 슈퍼 아머에 추가 피해 +15/25/35/45/55%","https://img.sephiria.wiki/artifacts/kaleidoscope.png","작은 알알들의 변화무쌍.","4","2025-08-05T11:24:43.693077+00:00","False","https://www.sephiria.wiki/artifact","2026-08-02T10:51:21.5595648Z"
"49","fascinating_lure","매혹하는 루어","fascinating_lure","advanced","高级","lake|element","호수|원소","[고유] MP 재생 +3/5/8
화염속성 피해 +1/1/2
얼음속성 피해 +1/1/2
번개속성 피해 +1/1/2
물리 피해 +1/1/2","https://img.sephiria.wiki/artifacts/fascinating_lure.webp","물고기 사역마를 부리고 싶은 괴짜 마법사가 만들었습니다.","2","2025-08-05T11:25:48.679931+00:00","False","https://www.sephiria.wiki/artifact","2026-08-02T10:51:21.5595648Z"
"50","water_bag","물주머니","water_bag","advanced","高级","lake","호수","[고유] MP를 소모할 때마다 최대 MP 1 증가 (최대 10/15/20/25, 재사용 대기시간: 5초)","https://img.sephiria.wiki/artifacts/water_bag.png","밤 사이 이슬이 차오르고, 낮에는 봉오리가 닫힌다.","3","2025-08-05T11:27:03.476058+00:00","False","https://www.sephiria.wiki/artifact","2026-08-02T10:51:21.5595648Z"
"51","mini_balista","미니 발리스타","mini_balista","advanced","高级","extrium|colleague","먹구름|동료","[고유] 함께 싸워주는 동료 소환
전기 화살에 적이 맞으면 20/34/48/61/75% 확률로 먹구름 1 획득","https://img.sephiria.wiki/artifacts/mini_balista.png","누군가는 대형화를 꿈꾸듯, 소형화를 꿈꾸는 자도 있었다.","4","2025-08-05T11:29:12.433292+00:00","False","https://www.sephiria.wiki/artifact","2026-08-02T10:51:21.5595648Z"
"52","vane","바람개비","vane","advanced","高级","spring_song|shadow","바람노래|그림자","[고유] 회피 +2/4/6
공격 속도 +3/6/9%","https://img.sephiria.wiki/artifacts/vane.png","언령을 외우면 바람이 없어도 돌아가기 시작한다.","2","2025-08-05T11:30:52.046714+00:00","False","https://www.sephiria.wiki/artifact","2026-08-02T10:51:21.5595648Z"
"53","firefly","반딧불이","firefly","advanced","高级","magic_engineering","마법공학","[고유] 번개 속성 피해 +4/8/12
피격 시 6초간 비활성화","https://img.sephiria.wiki/artifacts/firefly.webp","차가운 빛을 뿜어내는 벌레.
만지면 찌릿하다.","2","2025-08-06T10:00:01.34117+00:00","False","https://www.sephiria.wiki/artifact","2026-08-02T10:51:21.5595648Z"
"54","balisong","발리송","balisong","advanced","高级","precision","정밀","[고유] 2.5타일 이내 거리의 적에게 주는 피해량 +6/8/11/14%","https://img.sephiria.wiki/artifacts/balisong.png","어느 마을의 이름을 따온 특이한 모양의 칼.","3","2025-08-06T10:03:11.484791+00:00","False","https://www.sephiria.wiki/artifact","2026-08-02T10:51:21.5595648Z"
"55","ignition","발화 기름","ignition","advanced","高级","yinggalbul","잉걸불","[고유] 대검 소용돌이 시전 시 2.5타일 반경 내 불길 생성
화염 속성 피해 +3/6/9/12
얼음 속성 피해 -2/2/4/4
대검 전용","https://img.sephiria.wiki/artifacts/ignition.png","발화 기름이 들어있는 통.","3","2025-08-06T10:05:55.437941+00:00","False","https://www.sephiria.wiki/artifact","2026-08-02T10:51:21.5595648Z"
"56","shield_earring","방패 귀고리","shield_earring","advanced","高级","guardian","수호","[고유] 최대 HP +5/10/15/20
회피 -5/4/3/2","https://img.sephiria.wiki/artifacts/shield_earring.webp","검과 방패로 한 쌍의 귀고리가 완성된다.","3","2025-08-06T10:09:37.256334+00:00","False","https://www.sephiria.wiki/artifact","2026-08-02T10:51:21.5595648Z"
"57","discarded_gold_ring","버려진 금반지","discarded_gold_ring","advanced","高级","firmness","견고","[고유] 소용돌이 범위 +10/20/30%
특수공격으로 적을 40명 처치 시 절대반지로 변함
대검 전용","https://img.sephiria.wiki/artifacts/discarded_gold_ring.png","한 때엔 누군가를 축복하기에 충분했던 반지.","2","2025-08-06T10:14:37.747164+00:00","False","https://www.sephiria.wiki/artifact","2026-08-02T10:51:21.5595648Z"
"58","lightning_boomerang","번개 부메랑","lightning_boomerang","advanced","高级","magic_engineering","마법공학","[고유] 번개 부메랑 획득","https://img.sephiria.wiki/artifacts/lightningboomerang.png","번개 부메랑 마법이 적혀있는 책.","4","2025-08-06T11:01:21.303432+00:00","False","https://www.sephiria.wiki/artifact","2026-08-02T10:51:21.5595648Z"
"59","phoenix","봉황의 날개깃","phoenix","advanced","高级","yinggalbul","잉걸불","전투 중 주변 1/2/3명의 적에게 날아가 화상 디버프를 가하는 깃털 소환 (쿨다운 3.5초)
화염속성 피해 +2/3/5","https://img.sephiria.wiki/artifacts/phoenix.png","탑 밖에 세상이 있던 시절에도 특별했던 동물의 깃털. 열기가 사라지지 않는다.","2","2025-08-06T11:16:07.280223+00:00","False","https://www.sephiria.wiki/artifact","2026-08-02T10:51:21.5595648Z"
"60","red_snake_eye","붉은 뱀의 눈","red_snake_eye","advanced","高级","yinggalbul","잉걸불","[고유] 플레이어 주변에 화염 속성 피해 130/150/150/170/170/170%의 운석을 1/1/2/2/3/4개 떨어트림
운석에 맞은 적은 화상 디버프 부여
재사용 대기시간: 5초","https://img.sephiria.wiki/artifacts/red_snake_eye.png","뜨거운 기운을 머금은 보석.
어두운 곳에서도 길잡이가 되어준다.","5","2025-08-06T11:29:38.82491+00:00","False","https://www.sephiria.wiki/artifact","2026-08-02T10:51:21.5595648Z"
"61","red_dew","붉은 이슬","red_dew","advanced","高级","precision","정밀","[고유] 치명타 적중 시, 주변 적에게 가장 높은 속성 수치의 10/14/21/30%만큼 피해를 입힘","https://img.sephiria.wiki/artifacts/red_dew.webp","그들의 죄를 두고 가게 하자.","3","2025-08-06T11:30:44.399754+00:00","False","https://www.sephiria.wiki/artifact","2026-08-02T10:51:21.5595648Z"
"62","piece_of_red_cloth","붉은 천 조각","piece_of_red_cloth","advanced","高级","curse","저주","[고유] 적에게 피해를 가할 때 대상에게 부여된 디버프 하나당 4/5/7/10%의 추가 피해를 가함","https://img.sephiria.wiki/artifacts/piece_of_red_cloth.webp","광신도들이 소지하고 있는 붉은 천 조각.","3","2025-08-06T11:31:56.737549+00:00","False","https://www.sephiria.wiki/artifact","2026-08-02T10:51:21.5595648Z"
"63","red_planet","붉은 행성","red_planet","advanced","高级","planet","행성","[고유] 피해량 26/31/36/42/48/54/60의 화염 미사일을 발사하는 붉은 행성 소환","https://img.sephiria.wiki/artifacts/red_planet.webp","도서관에 전시되어 있던 붉은 행성.
과거 하늘 밖을 보던 자들이 만들었다.","6","2025-08-06T11:33:13.73452+00:00","False","https://www.sephiria.wiki/artifact","2026-08-02T10:51:21.5595648Z"
"64","ice_snow","빙설덩굴","ice_snow","advanced","高级","glacier","빙하","[고유] 특수 공격 사용시 전방으로 1줄기 얼음 가시 생성 (피해량: 10 + 얼음속성 피해 50/90/140%)
가시가 적에게 적중 시 동상 부여
재사용 대기시간 : 0.8초","https://img.sephiria.wiki/artifacts/ice_snow.png","인공적으로 만들어진 꽃.
따뜻한 곳에 있어도 녹지 않는다.","2","2025-08-06T11:34:53.482818+00:00","False","https://www.sephiria.wiki/artifact","2026-08-02T10:51:21.5595648Z"
"65","glacier","빙하의 메아리","glacier","advanced","高级","glacier","빙하","[고유] 5/4/3/2.5초마다 주변 적에게 동상 부여
방어력 +3/6/10/10","https://img.sephiria.wiki/artifacts/glacier.png","어느 눈덮인 섬에는 아직도 조상님들이 잠들어 있다죠.","3","2025-08-06T11:36:04.89132+00:00","False","https://www.sephiria.wiki/artifact","2026-08-02T10:51:21.5595648Z"
"66","point","뾰족 도토리","point","advanced","高级","extrium","먹구름","[고유] 전투 중 먹구름 회복 속도 +3/6/9/12%
회피 +3/3/6/6","https://img.sephiria.wiki/artifacts/point.webp","번개를 다루는 일족이 좋아하는 열매.","3","2025-08-11T09:27:18.811224+00:00","False","https://www.sephiria.wiki/artifact","2026-08-02T10:51:21.5595648Z"
"67","storm","뾰족 부싯돌","storm","advanced","高级","element","원소","[고유] 치명타 확률 +2/4/6/8%
가장 높은 속성 피해 +1/2/3/4","https://img.sephiria.wiki/artifacts/storm.webp","마을에서는 잘 사용하지 않는 물건.","3","2025-08-11T09:29:02.18312+00:00","False","https://www.sephiria.wiki/artifact","2026-08-02T10:51:21.5595648Z"
"68","sapote","사포테 열매","sapote","advanced","高级","extrium","먹구름","먹구름 용량 +4/8/12/16
MP 재생 +1/2/3/4","https://img.sephiria.wiki/artifacts/sapote.png","갈증이 날 때 씹으면 왜인지 모르게 괜찮아진다.","3","2025-08-11T09:30:42.712953+00:00","False","https://www.sephiria.wiki/artifact","2026-08-02T10:51:21.5595648Z"
"69","sharp_eye","샤프 아이","sharp_eye","advanced","高级","precision","정밀","[고유] 샤프 아이 획득","https://img.sephiria.wiki/artifacts/sharp_eye.png","샤프 아이 마법이 적혀있는 책.","2","2025-08-11T09:31:57.015649+00:00","False","https://www.sephiria.wiki/artifact","2026-08-02T10:51:21.5595648Z"
"70","frost_dagger","서리 단검","frost_dagger","advanced","高级","glacier","빙하","[고유] 서리 단검 획득","https://img.sephiria.wiki/artifacts/frost_dagger.png","서리 단검 마법이 적혀있는 책.","4","2025-08-11T09:32:58.378156+00:00","False","https://www.sephiria.wiki/artifact","2026-08-02T10:51:21.5595648Z"
"71","crossbow_quiver","석궁 화살통","crossbow_quiver","advanced","高级","firmness","견고","[고유] 석궁 재장전 속도 +20/40/65/100
석궁 전용","https://img.sephiria.wiki/artifacts/crossbow_quiver.webp","가볍고 튼튼한 나무를 덧대어 만들어졌습니다.","3","2025-08-11T09:36:43.759976+00:00","False","https://www.sephiria.wiki/artifact","2026-08-02T10:51:21.5595648Z"
"72","pure_cloak","순백의 망토","pure_cloak","advanced","高级","mystery","신비","자신이 부여한 모든 버프의 지속시간 +30/60/100/130/160/200%","https://img.sephiria.wiki/artifacts/pure_cloak.png","마법에 따라 색이 변하는 망토.
부드러운 천으로 만들었다.","5","2025-08-11T09:45:52.537688+00:00","False","https://www.sephiria.wiki/artifact","2026-08-02T10:51:21.5595648Z"
"73","star_ruby","스타 루비","star_ruby","advanced","高级","lake","호수","최대 HP +10/20/33%","https://img.sephiria.wiki/artifacts/star_ruby.png","새로운 삶을 위하여.","2","2025-08-11T09:47:03.06727+00:00","False","https://www.sephiria.wiki/artifact","2026-08-02T10:51:21.5595648Z"
"74","star_aqua_marine","스타 아쿠아마린","star_aqua_marine","advanced","高级","lake","호수","최대 MP +10/20/33%","https://img.sephiria.wiki/artifacts/star_aqua_marine.png","장렬한 복수를 위하여.","2","2025-08-11T09:48:15.40486+00:00","False","https://www.sephiria.wiki/artifact","2026-08-02T10:51:21.5595648Z"
"75","single_tree_charcoal","신갈나무 숯","single_tree_charcoal","advanced","高级","yinggalbul","잉걸불","화상 공격 속도 +10/20/30/40/50%","https://img.sephiria.wiki/artifacts/single_tree_charcoal.webp","나무는 연료로, 잎은 깔창으로.","4","2025-08-11T09:49:31.49437+00:00","False","https://www.sephiria.wiki/artifact","2026-08-02T10:51:21.5595648Z"
"76","agbae_tree_fruit","아그배나무 열매","agbae_tree_fruit","advanced","高级","academy","아카데미","마법 가속 +6/10/14%
대시 회복 속도 +5/8/12%","https://img.sephiria.wiki/artifacts/agbae_tree_fruit.png","작고 신맛이 강해서 마법 시약의 재료로 사용한다.","2","2025-08-11T09:50:37.024653+00:00","False","https://www.sephiria.wiki/artifact","2026-08-02T10:51:21.5595648Z"
"77","ice_star","아이스 스타","ice_star","advanced","高级","ice_weapon","얼음무구","[고유] 얼음무구 아티팩트가 0/0/0/0/0/1회 추가 발동
얼음무구의 피해량 -0/0/0/0/0/10%
행운 +0/0/1/1/2/2","https://img.sephiria.wiki/artifacts/ice_star.png","눈 덮인 땅에서만 자란다고 전해지는 꽃.","5","2025-08-11T09:52:33.871656+00:00","False","https://www.sephiria.wiki/artifact","2026-08-02T10:51:21.5595648Z"
"78","sheet_music_bree","악보 '바람'","sheet_music_bree","advanced","高级","spring_song","바람노래","[고유] 근접 공격의 범위 +10/20/30/40/50% 증가","https://img.sephiria.wiki/artifacts/sheet_music_bree.png","느껴진다, 선율이. 불어온다, 하늘이.","4","2025-08-11T09:54:56.893871+00:00","False","https://www.sephiria.wiki/artifact","2026-08-02T10:51:21.5595648Z"
"80","obruss_blood","오브러스의 피","obruss_blood","advanced","高级","lake","호수","[고유] MP 흡수 +3/6/9/12","https://img.sephiria.wiki/artifacts/obruss_blood.png","이 피를 마시면 흐르는 물을 건널 수 없는 병에 걸린다고 한다.","3","2025-08-11T10:00:11.159405+00:00","False","https://www.sephiria.wiki/artifact","2026-08-02T10:51:21.5595648Z"
"82","keel_fragment","용골 파편","keel_fragment","advanced","高级","mystery","신비","<제약> 아이템이 인벤토리 가장자리에 있을 때 효과 발동
[고유] 최대 HP +5/10/15/20","https://img.sephiria.wiki/artifacts/keel_fragment.png","튼튼하고 무거워!","3","2025-08-11T10:03:44.205881+00:00","False","https://www.sephiria.wiki/artifact","2026-08-02T10:51:21.5595648Z"
"83","ambergris","용연향","ambergris","advanced","高级","yinggalbul","잉걸불","화염 속성 피해 +2/4/6/8/10","https://img.sephiria.wiki/artifacts/ambergris.webp","용의 타액이 굳어져 생긴 덩어리.","4","2025-08-11T10:13:18.102906+00:00","False","https://www.sephiria.wiki/artifact","2026-08-02T10:51:21.5595648Z"
"84","glass_hammer","유리 망치","glass_hammer","advanced","高级","firmness","견고","[고유] 최종 무기 공격력 +3/6/9/12%
최대 HP -3/6/9/12%","https://img.sephiria.wiki/artifacts/glass_hammer.png","누군가를 기린다고 쓰여 있지만 잘 보이지 않습니다.","3","2025-08-11T10:14:27.876121+00:00","False","https://www.sephiria.wiki/artifact","2026-08-02T10:51:21.5595648Z"
"85","silver_bracelet","은팔찌","silver_bracelet","advanced","高级","spring_song","바람노래","공격 속도 +4/8/12/16%
이동 속도 -4/6/8/10%","https://img.sephiria.wiki/artifacts/silver_bracelet.png","우리들의 유대를 위하여.
-도서관 사서 21기-","3","2025-08-11T10:15:56.082766+00:00","False","https://www.sephiria.wiki/artifact","2026-08-02T10:51:21.5595648Z"
"86","leafy_leather","잎새 가죽","leafy_leather","advanced","高级","extrium","먹구름","일반 공격, 대시 공격 적중 시 16.5/28.9/45.4/66% 확률로 먹구름을 즉시 1 소모 (재사용 대기시간: 1.2/0.9/0.8/0.6초)
먹구름의 추가 피해량 +2/2/3/4%","https://img.sephiria.wiki/artifacts/leafy_leather.png","알 수 없는 생명체의 가죽.
특이한 문양이 그려져 있다.","3","2025-08-11T10:19:42.840649+00:00","False","https://www.sephiria.wiki/artifact","2026-08-02T10:51:21.5595648Z"
"87","small_magic","작은 마법 고둥","small_magic","advanced","高级","ice_weapon","얼음무구","얼음 무구의 피해량 +3/6/10%
치명타 피해 +5/8/12%","https://img.sephiria.wiki/artifacts/small_magic.png","고둥이 원하는 때 마법을 들려준다.","2","2025-08-11T10:21:16.424139+00:00","False","https://www.sephiria.wiki/artifact","2026-08-02T10:51:21.5595648Z"
"88","mark_of_warrior","전사의 증표","mark_of_warrior","advanced","高级","firmness","견고","[고유] 물리 피해 +1/2/3/4/6/8
공격 속도 +5/5/5/10/10/10%","https://img.sephiria.wiki/artifacts/mark_of_warrior.png","어린 도마뱀들이 첫 사냥을 나갈 때 수여하는 특별한 증표.","5","2025-08-11T10:22:35.511185+00:00","False","https://www.sephiria.wiki/artifact","2026-08-02T10:51:21.5595648Z"
"89","rat_pendant","쥐 마법사의 펜던트","rat_pendant","advanced","高级","academy","아카데미","[고유] 볼트 마법이 적을 향해 유도
MP 재생 +2/5","https://img.sephiria.wiki/artifacts/rat_pendant.png","마법사임을 증명하는 목걸이.
조금씩 모양이 달라서 증명하기 힘들다.","1","2025-08-11T10:25:07.063891+00:00","False","https://www.sephiria.wiki/artifact","2026-08-02T10:51:21.5595648Z"
"90","pearl_powder","진주 가루","pearl_powder","advanced","高级","academy","아카데미","마법서 피해량 +8/10/12%","https://img.sephiria.wiki/artifacts/pearl_powder.png","인공적으로 만드는 데 성공했지만, 여전히 가품이 많다.","2","2025-08-11T10:26:31.02909+00:00","False","https://www.sephiria.wiki/artifact","2026-08-02T10:51:21.5595648Z"
"91","cold_lock","차가운 자물쇠","cold_lock","advanced","高级","","","<제약> 인벤토리 양쪽 칸이 모두 비어 있을 때 효과 발동
모든 피해 증폭 +8/12/16/20/25%","https://img.sephiria.wiki/artifacts/cold_lock.png","여닫는 것을 목적으로 만들어진 것이 아니다.","4","2025-08-11T10:27:34.679437+00:00","False","https://www.sephiria.wiki/artifact","2026-08-02T10:51:21.5595648Z"
"92","chakram","차크람","chakram","advanced","高级","precision","정밀","[고유] 주기적으로 주변을 공격하는 차크람 1/2/2/3/3개 발사(피해량: 15/15/22/22/30)","https://img.sephiria.wiki/artifacts/chakram.png","사탕수수 정도는 베어낼 수 있다.","4","2025-08-11T10:29:14.909237+00:00","False","https://www.sephiria.wiki/artifact","2026-08-02T10:51:21.5595648Z"
"94","gap","축사의 검집","gap","advanced","高级","ice_weapon","얼음무구","<제약> 아이템이 인벤토리 가장자리에 있을 때 효과 발동
[고유] 6초마다 충전, 일반 공격 시 얼음 속성 검기 발사
[피해량: 24 (24 + 얼음속성 피해 100/150/200/260/320/380/460%)]","https://img.sephiria.wiki/artifacts/gap.png","달랠 수 없는 영혼을 끌어내는 데 사용되는 검집.","6","2025-08-11T10:31:40.569593+00:00","False","https://www.sephiria.wiki/artifact","2026-08-02T10:51:21.5595648Z"
"95","kunai","쿠나이","kunai","advanced","高级","precision","정밀","[고유] 일반 공격 시 16.5/20.6/24.8% 확률로 쿠나이를 발사
[피해량: 10 (10+치명타 피해 20/25/30%)]","https://img.sephiria.wiki/artifacts/kunai.png","원예용으로 쓰기 참 좋지.
-켄-","2","2025-08-11T10:32:43.916675+00:00","False","https://www.sephiria.wiki/artifact","2026-08-02T10:51:21.5595648Z"
"96","terros_soul_powder","테로의 영혼 가루","terros_soul_powder","advanced","高级","yinggalbul|colleague","잉걸불|동료","[고유] 화염 투사체를 발사하는 해파리 소환
투사체에 적중한 적은 화상 디버프 적용","https://img.sephiria.wiki/artifacts/terros_soul_powder.png","고요 속에서 함께 춤추던 작은 나의 친구여.","5","2025-08-11T10:34:49.70871+00:00","False","https://www.sephiria.wiki/artifact","2026-08-02T10:51:21.5595648Z"
"97","fire_arrow","파이어 애로우","fire_arrow","advanced","高级","yinggalbul","잉걸불","[고유] 파이어 애로우 획득","https://img.sephiria.wiki/artifacts/fire_arrow.png","파이어 애로우 마법이 적혀있는 책.","2","2025-08-11T10:38:41.820426+00:00","False","https://www.sephiria.wiki/artifact","2026-08-02T10:51:21.5595648Z"
"98","palas_card","팔라스의 카드","palas_card","advanced","高级","spring_song","바람노래","[고유] 일반 공격 시 12% 확률로 카드를 발사
행운 1마다 발사 확률 0/0.6/1.2/1.8/2.4% 증가
[피해량: 24]","https://img.sephiria.wiki/artifacts/palas_card.png","어떻게 섞어도 스페이드가 맨 위로 올라온다.","4","2025-08-11T10:40:21.816323+00:00","False","https://www.sephiria.wiki/artifact","2026-08-02T10:51:21.5595648Z"
"99","blue_pearl","푸른 진주","blue_pearl","advanced","高级","","","[고유] MP 흡수 +1/2/3/4
3타일 밖의 피해를 준 적에게 침식 부여","https://img.sephiria.wiki/artifacts/blue_pearl.png","과거에 짠물이 가득하던 장소가 있었다.","3","2025-08-11T10:41:39.167614+00:00","False","https://www.sephiria.wiki/artifact","2026-08-02T10:51:21.5595648Z"
"100","blue_planet","푸른 행성","blue_planet","advanced","高级","planet","행성","[고유] 피해량 10/14/18/22/26/30의 물리 탄환을 발사하는 푸른 행성 소환","https://img.sephiria.wiki/artifacts/blue_planet.png","도서관에 전시되어 있던 푸른 행성 모형.
과거 하늘 밖을 보던 자들이 만들었다.","5","2025-08-11T10:42:54.747688+00:00","False","https://www.sephiria.wiki/artifact","2026-08-02T10:51:21.5595648Z"
"101","sky_blue_planet","하늘색 행성","sky_blue_planet","advanced","高级","planet","행성","[고유] 피해량 30/40/45/50/55/60의 번개 레이저를 발사하는 하늘색 행성 소환","https://img.sephiria.wiki/artifacts/sky_blue_planet.png","도서관에 전시되어 있던 하늘색 행성.
과거 하늘 밖을 보던 자들이 만들었다.","5","2025-08-11T10:44:13.611292+00:00","False","https://www.sephiria.wiki/artifact","2026-08-02T10:51:21.5595648Z"
"102","haste","헤이스트","haste","advanced","高级","spring_song","바람노래","[고유] 헤이스트 획득","https://img.sephiria.wiki/artifacts/haste.png","헤이스트 마법이 적혀있는 책.","2","2025-08-11T10:45:19.734337+00:00","False","https://www.sephiria.wiki/artifact","2026-08-02T10:51:21.5595648Z"
"103","helenas_staircase","헬레나의 계단 모형","helenas_staircase","advanced","高级","spring_song","바람노래","[고유] 장소 이동 시 90초간 이동 속도 10/14/18/22/26/30%, 공격 속도 10/14/18/22/26/30% 증가 버프 획득","https://img.sephiria.wiki/artifacts/helenas_staircase.png","탑을 두르는 계단이 있어야 고립되지 않을 거야.","5","2025-08-11T10:46:40.861453+00:00","False","https://www.sephiria.wiki/artifact","2026-08-02T10:51:21.5595648Z"
"104","fluorescence","형광 부적","fluorescence","advanced","高级","firmness","견고","[고유] 가드 성공 시 25.5초간 물리 피해 +2/4/6/8/10
검과 방패 전용","https://img.sephiria.wiki/artifacts/fluorescence.png","어두운 곳에서 빛을 내는 물질로 수호자의 염원을 담았다.","4","2025-08-11T10:47:44.790989+00:00","False","https://www.sephiria.wiki/artifact","2026-08-02T10:51:21.5595648Z"
"105","amber","호박석","amber","advanced","高级","mystery","신비","[고유] 피해를 입지 않은 적 공격 시 +10/20/40/80% 추가 피해","https://img.sephiria.wiki/artifacts/amber.png","빠져나오기 위해 발버둥 치는 무언가가 들어있다.","3","2025-08-11T10:49:05.09557+00:00","False","https://www.sephiria.wiki/artifact","2026-08-02T10:51:21.5595648Z"
"106","flame","화염 가리개","flame","advanced","高级","yinggalbul","잉걸불","[고유] 화염 속성 공격의 치명타 피해 +11/22/33% (동료 피해에도 적용)
공격 속도 +2/4/6%","https://img.sephiria.wiki/artifacts/flame.png","불꽃 밖의 어둠을 보기 위한 안대.","2","2025-08-11T10:50:21.776806+00:00","False","https://www.sephiria.wiki/artifact","2026-08-02T10:51:21.5595648Z"
"107","flame_sword","화염 이극검","flame_sword","advanced","高级","yinggalbul","잉걸불","화상 상태의 적이 죽을 때 폭발하여 주변 3타일 범위에 7/14/21/28/35/42 피해","https://img.sephiria.wiki/artifacts/flame_sword.png","정령의 환심을 사기 위해 비효율적으로 제작되었습니다.","5","2025-08-11T10:51:38.401914+00:00","False","https://www.sephiria.wiki/artifact","2026-08-02T10:51:21.5595648Z"
"108","waters","회복의 물줄기","waters","advanced","高级","","","[고유] 회복의 물줄기 획득","https://img.sephiria.wiki/artifacts/waters.png","회복의 물줄기 마법이 적혀있는 책.","0","2025-08-11T10:52:38.353117+00:00","False","https://www.sephiria.wiki/artifact","2026-08-02T10:51:21.5595648Z"
"109","sword_earring","검 귀고리","sword_earring","rare","稀有","precision","정밀","[고유] 치명타 피해 +10/16/24/33%
최대 MP -16/13/10/7","https://img.sephiria.wiki/artifacts/sword_earring.webp","검과 방패로 한 쌍의 귀고리가 완성된다.","3","2025-08-11T10:53:56.142625+00:00","False","https://www.sephiria.wiki/artifact","2026-08-02T10:51:21.5595648Z"
"110","swordsmanship_textbook","검술 교본","swordsmanship_textbook","rare","稀有","spring_song","바람노래","<제약> 인벤토리 최상단에 있을 때 효과 발동
[고유] 공격 속도 +7/14/26%","https://img.sephiria.wiki/artifacts/swordsmanship_textbook.png","'어린 동물에게 보여주지 마시오'라고 쓰여있다.","2","2025-08-11T10:55:33.833344+00:00","False","https://www.sephiria.wiki/artifact","2026-08-02T10:51:21.5595648Z"
"111","flag_of_encouragement","격려의 깃발","flag_of_encouragement","rare","稀有","spring_song","바람노래","[고유] 발동형 아티팩트 (재사용 대기시간: 30초)
지정 위치에 깃발을 소환, 깃발 범위 내 아군은 공격 속도가 10/20/30% 증가","https://img.sephiria.wiki/artifacts/flag_of_encouragement.png","우리는 이렇게나 강하다.","2","2025-08-11T10:57:29.467478+00:00","False","https://www.sephiria.wiki/artifact","2026-08-02T10:51:21.5595648Z"
"112","warning","경고 문서","warning","rare","稀有","","","[고유] 이동 속도 +4/8%","https://img.sephiria.wiki/artifacts/warning.webp","상인연합 긴급 공문: 최근 동료가 의문의 동물에게 죽임을 당한 끔찍한 일이 일어났음. [닉네임]라는 이름의 동물을 조심하기를 바람.","1","2025-08-11T11:00:53.075501+00:00","False","https://www.sephiria.wiki/artifact","2026-08-02T10:51:21.5595648Z"
"113","employment_sentence_coline","고용 문장 '콜린'","employment_sentence_coline","rare","稀有","colleague","동료","[고유] NPC를 동료로 영입함","https://img.sephiria.wiki/artifacts/employment_sentence_coline.png","스승님에게 받은 거야.
계약이 종료되면 자동으로 이름이 지워지게 되어 있지.
-콜린-","2","2025-08-13T09:35:30.555364+00:00","False","https://www.sephiria.wiki/artifact","2026-08-02T10:51:21.5595648Z"
"114","pride","교만의 금관","pride","rare","稀有","precision","정밀","[고유] 일반 공격 마지막 연격의 치명타 확률 +15/30/50/75/100%","https://img.sephiria.wiki/artifacts/pride.png","중앙의 보석에선 불길한 빛이 흘러나온다.","4","2025-08-13T09:36:48.877278+00:00","False","https://www.sephiria.wiki/artifact","2026-08-02T10:51:21.5595648Z"
"115","giraffe_horns","기린의 뿔","giraffe_horns","rare","稀有","magic_engineering","마법공학","[고유] 번개 속성 공격의 치명타 확률 +10/20/30% (동료 피해에도 적용)
얼음 속성 피해 -2/4/6","https://img.sephiria.wiki/artifacts/giraffe_horns.png","다른 동물을 해칠 수 없게 가죽에 덮여져 있었습니다.","2","2025-08-13T09:38:02.624596+00:00","False","https://www.sephiria.wiki/artifact","2026-08-02T10:51:21.5595648Z"
"116","pot_lid","냄비 뚜껑","pot_lid","rare","稀有","guardian","수호","[고유] MP 재생 +2/4/6/8/11/15
회피 +1/2/3/4/5/6
적에게 물리 치명타를 가할 때마다 '인내' 버프 획득
인내: 6초간 방어력 3 증가(최대 3중첩)","https://img.sephiria.wiki/artifacts/pot_lid.png","급할 때 방패로 사용하곤 합니다.","5","2025-08-13T09:39:45.648654+00:00","False","https://www.sephiria.wiki/artifact","2026-08-02T10:51:21.5595648Z"
"117","green_clothes","녹색 도복","green_clothes","rare","稀有","shadow","그림자","[고유] 회피 성공 시 전방으로 '호격권' 시전
[피해량: 70/90/120/160 (30 + 물리 피해 200/300/450/650%)]
회피 +2/3/4/5
이동 속도 +5/7/9/12%","https://img.sephiria.wiki/artifacts/green_clothes.png","지키는 자들은 녹색 옷을 입는다.","3","2025-08-13T09:42:16.48715+00:00","False","https://www.sephiria.wiki/artifact","2026-08-02T10:51:21.5595648Z"
"118","brain","뇌운추적 나침반","brain","legend","传说","magic_engineering","마법공학","[고유] 감전 부여 시 15/30/45/60% 확률로 강화 감전 부여
번개속성 피해 +2/4/6/8","https://img.sephiria.wiki/artifacts/brain.png","뇌운을 쫒기 위해 만들어진 공학 도구.","3","2025-08-13T09:43:46.260638+00:00","False","https://www.sephiria.wiki/artifact","2026-08-02T10:51:21.5595648Z"
"119","multi_use_belt","다용도 벨트","multi_use_belt","rare","稀有","mystery","신비","<제약> 인벤토리 최하단에 있을 때 효과 발동
[고유] 인벤토리 맨 윗칸에 위치한 아티팩트 하나당 아래 효과를 중복 획득
화염속성 피해 +1/1/1/2
번개속성 피해 +1/1/1/2
얼음속성 피해 +1/1/1/2","https://img.sephiria.wiki/artifacts/multi_use_belt.png","곳곳을 떠도는 여러분들의 필수 아이템!
색깔별로 구분해 쉽게 보관하세요!
-키키-","3","2025-08-13T09:45:10.634828+00:00","False","https://www.sephiria.wiki/artifact","2026-08-02T10:51:21.5595648Z"
"120","libra","대립의 천칭","libra","solid","结缚","yinggalbul|glacier","잉걸불|빙하","[고유] 인벤토리 왼편에선 화염 속성, 오른편에선 얼음 속성이 부여됨
부여된 속성 피해 +2/4/6/9/11/15
반대 속성 피해 +0/1/2/3/4/5","https://img.sephiria.wiki/artifacts/libra.png","절대로 균형을 맞출 수 없다.","5","2025-08-13T09:46:31.884504+00:00","False","https://www.sephiria.wiki/artifact","2026-08-02T10:51:21.5595648Z"
"121","lizard_sheet","도마뱀 판금 갑옷","lizard_sheet","rare","稀有","guardian","수호","[고유] 방어력 +14/16/18/21/24
이동 속도 -2/4/6/8/10%
공격 속도 -2/4/6/8/10%
마법서 가속 -2/4/6/8/10","https://img.sephiria.wiki/artifacts/lizard_sheet.png","실력 좋은 도마뱀 장인이 만든 판금 갑옷.
뛰어난 보호력을 자랑한다.","4","2025-08-13T09:47:48.838114+00:00","False","https://www.sephiria.wiki/artifact","2026-08-02T10:51:21.5595648Z"
"122","library_miniature","도서관 분침 미니어처","library_miniature","rare","稀有","precision","정밀","[고유] 퓨리 시 무적시간 +0.1/0.2/0.3초
단검 전용","https://img.sephiria.wiki/artifacts/library_miniature.png","한때에는 탑에 살던 모든 동물이 도서관의 종소리를 들을 수 있었다.","2","2025-08-13T09:49:29.177292+00:00","False","https://www.sephiria.wiki/artifact","2026-08-02T10:51:21.5595648Z"
"123","warm_stone","따뜻한 돌","warm_stone","rare","稀有","precision","정밀","<제약> 인벤토리 안쪽에 있을 때 효과 발동
[고유] 치명타 피해 +10/20/30/40%","https://img.sephiria.wiki/artifacts/warm_stone.png","따뜻하게 해 주지 않으면 원래 능력을 잃어버린다.","3","2025-08-13T09:50:52.012708+00:00","False","https://www.sephiria.wiki/artifact","2026-08-02T10:51:21.5595648Z"
"124","magic_glasses","마법의 안경","magic_glasses","rare","稀有","","","[고유] 최대 MP +7/14/22/30
회피 +3/6/9/12","https://img.sephiria.wiki/artifacts/magic_glasses.png","안경을 쓰면 현자 강아지가 보이게 됩니다.
도움이 되지는 않습니다.","3","2025-08-13T09:52:08.541778+00:00","False","https://www.sephiria.wiki/artifact","2026-08-02T10:51:21.5595648Z"
"125","magic_gem","마법의 정석","magic_gem","rare","稀有","element","원소","[고유] 가장 높은 속성 피해 +2/4/6/8/10
마법서 피해량 +3/6/9/12/15%","https://img.sephiria.wiki/artifacts/magic_gem.png","공격 마법에 대한 책.
앞페이지만 읽은 흔적이 있다.","4","2025-08-13T09:54:42.158602+00:00","False","https://www.sephiria.wiki/artifact","2026-08-02T10:51:21.5595648Z"
"126","model_beak","모형 부리","model_beak","rare","稀有","shadow","그림자","[고유] 물리 피해 +1/2/3/5/8
회피 +2/3/4/5/6","https://img.sephiria.wiki/artifacts/model_beak.png","겁 많은 새가 과시용으로 사용하던 것.","4","2025-08-13T09:58:21.411874+00:00","False","https://www.sephiria.wiki/artifact","2026-08-02T10:51:21.5595648Z"
"127","dull_drop","무뎌진 방울","dull_drop","rare","稀有","curse","저주","[고유] 직접 공격 시 +1/2/4% 확률로 기절을 가함","https://img.sephiria.wiki/artifacts/dull_drop.png","끝에 방울이 달린 칼.
의식용으로 사용되었다.","2","2025-08-13T09:59:32.33784+00:00","False","https://www.sephiria.wiki/artifact","2026-08-02T10:51:21.5595648Z"
"128","colorless_cube","무색 큐브","colorless_cube","rare","稀有","spring_song","바람노래","고정 피해 +1/1/2/2/3
이동 속도 +5/6/7/9/12%
공격 속도 +5/6/7/9/12%","https://img.sephiria.wiki/artifacts/colorless_cube.png","장비를 재료로 다시 분해할 때 땅바닥에 떨어지곤 합니다. 누군가는 기억의 결정이라고 부르기도 해요.","4","2025-08-13T10:01:06.639876+00:00","False","https://www.sephiria.wiki/artifact","2026-08-02T10:51:21.5595648Z"
"129","lightstone","번갯돌","lightstone","rare","稀有","extrium","먹구름","먹구름의 추가 피해량 +25/30/35/40/45/50/60%","https://img.sephiria.wiki/artifacts/lightstone.png","금속과 부딪히면 번개가 떨어지는 사실을 발견했지만, 위험하여 아무도 사용하지 않는다.","6","2025-08-13T10:02:14.046896+00:00","False","https://www.sephiria.wiki/artifact","2026-08-02T10:51:21.5595648Z"
"130","jewelry_armor","보석 갑옷","jewelry_armor","rare","稀有","academy","아카데미","[고유] 마법서의 치명타 확률 +10/20/30%
MP 재생 +4/6/8
물리 피해 -3/5/7","https://img.sephiria.wiki/artifacts/jewelry_armor.png","의식용으로 사용되던 것.
크기가 상당히 작다.","2","2025-08-13T10:13:40.496451+00:00","False","https://www.sephiria.wiki/artifact","2026-08-02T10:51:21.5595648Z"
"131","voluspa","볼루스파","voluspa","rare","稀有","ice_weapon","얼음무구","[고유] 전투 중 6초마다 충전됨. 충전 이후 주변에 적이 있다면 아래 효과 발동
얼음 창이 날아와 적들을 1/1/1/1/1/2회 공격
[피해량: 40/48/56/64/72/51x2 (20+얼음속성 피해 100/140/180/220/260/155%)]","https://img.sephiria.wiki/artifacts/voluspa.png","한 때 이 귀걸이는 여러가지 질문을 주었다.","5","2025-08-13T10:16:22.374181+00:00","False","https://www.sephiria.wiki/artifact","2026-08-02T10:51:21.5595648Z"
"132","broken_root","부서진 나무뿌리","broken_root","rare","稀有","lake","호수","[고유] 최대 MP +5/10/20/35/60","https://img.sephiria.wiki/artifacts/broken.png","부서졌음에도 마르지 않았다.","4","2025-08-13T10:17:49.359261+00:00","False","https://www.sephiria.wiki/artifact","2026-08-02T10:51:21.5595648Z"
"133","fire_circus","불 서커스","fire_circus","rare","稀有","yinggalbul","잉걸불","[고유] 불 서커스 획득","https://img.sephiria.wiki/artifacts/fire_circus.png","불 서커스 마법이 적혀있는 책.","3","2025-08-13T10:32:01.038012+00:00","False","https://www.sephiria.wiki/artifact","2026-08-02T10:51:21.5595648Z"
"134","red_thread","붉은 실뭉치","red_thread","rare","稀有","yinggalbul","잉걸불","[고유] 화상 디버프 추가 피해량 +20/40/60/80/100%","https://img.sephiria.wiki/artifacts/red_thread.png","하나의 입구. 그리고 출구.","4","2025-08-13T10:34:57.902426+00:00","False","https://www.sephiria.wiki/artifact","2026-08-02T10:51:21.5595648Z"
"135","freezing_bug","빙결충","freezing_bug","rare","稀有","glacier","빙하","[고유] 빙결 디버프 피해량 +10/15/20/25/30/40%","https://img.sephiria.wiki/artifacts/freezing_bug.png","만지면 정말 차가운 벌레.
조련이 가능하다.","5","2025-08-13T10:39:32.05593+00:00","False","https://www.sephiria.wiki/artifact","2026-08-02T10:51:21.5595648Z"
"136","pointed_bat","뾰족한 방망이","pointed_bat","rare","稀有","precision","정밀","[고유] 공격 시 10% 확률로 빗나감 발동(피해량 -20% 감소)
치명타 피해 +20/40/60%","https://img.sephiria.wiki/artifacts/pointed_bat.png","효과는 확실하지만, 휘두르는 동물의 망설임을 만든다.","2","2025-08-13T10:40:37.209325+00:00","False","https://www.sephiria.wiki/artifact","2026-08-02T10:51:21.5595648Z"
"137","touch_of_life","생명의 손길","touch_of_life","rare","稀有","firmness","견고","[고유] 직접 공격 시 HP 1만큼 회복
재사용 대기시간: 1초
최종 HP -55/48/40/33%","https://img.sephiria.wiki/artifacts/touch_of_life.png","얻는 것은 곧 무언가를 잃는다는 뜻이기도 하지.","3","2025-08-13T10:41:48.43736+00:00","False","https://www.sephiria.wiki/artifact","2026-08-02T10:51:21.5595648Z"
"138","serens_wanging_letter","세렌의 휘갈긴 편지","serens_wanging_letter","rare","稀有","guardian","수호","[고유] 전투 중 MP 40을 소모할 때마다 보호막 5/10/15 획득","https://img.sephiria.wiki/artifacts/serens_wanging_letter.png","다급함이 느껴진다.
그리고 알아볼 수 없어.","2","2025-08-13T10:42:57.584482+00:00","False","https://www.sephiria.wiki/artifact","2026-08-02T10:51:21.5595648Z"
"139","agma_projection_sword","아그마 투영검 190,191번","agma_projection_sword","rare","稀有","firmness","견고","[고유] 물리 피해 +2/3/4/6/8/10/12/14","https://img.sephiria.wiki/artifacts/agma_projection_sword.png","190번 째.
형체는 검과 흡사하다.
에너지는 대칭적인 형태로만 드러난다.
칼날 자체는 나타나지 않는다.
-아그마","7","2025-08-13T10:44:18.297963+00:00","False","https://www.sephiria.wiki/artifact","2026-08-02T10:51:21.5595648Z"
"140","academy_brigendin","아카데미 브리건딘","academy_brigendin","rare","稀有","guardian|academy","수호|아카데미","[고유] 방어력 +2/3/4/6/8/10
마법 가속 +14/18/20/24/29/35%","https://img.sephiria.wiki/artifacts/academy_brigendin.png","아카데미 경비병들이 착용하는 갑옷.","5","2025-08-13T10:45:30.515783+00:00","False","https://www.sephiria.wiki/artifact","2026-08-02T10:51:21.5595648Z"
"141","alfonsos_horn","알폰소의 뿔","alfonsos_horn","rare","稀有","colleague","동료","[고유] 회피 +1/2/3/4/5/6/8/10
동료가 입히는 피해량 +10/20/30/40/50/60/70/80%","https://img.sephiria.wiki/artifacts/alfonsos_horn.webp","위대한 전사의 흔적에 스러진 혼들이 몰려온다.","7","2025-08-13T10:46:49.512187+00:00","False","https://www.sephiria.wiki/artifact","2026-08-02T10:51:21.5595648Z"
"142","arrow_lane","애로우 레인","arrow_lane","rare","稀有","glacier","빙하","[고유] 애로우 레인 획득","https://img.sephiria.wiki/artifacts/arrow_lane.png","애로우 레인 마법이 적혀있는 책.","3","2025-08-13T10:47:50.383886+00:00","False","https://www.sephiria.wiki/artifact","2026-08-02T10:51:21.5595648Z"
"143","thin_cushion","얇은 방석","thin_cushion","rare","稀有","colleague","동료","[고유] 동료들이 +20/25/30/35/40/50/60% 더 자주 공격
동료 부활 시간 가속 +5/10/15/20/30/40/50%","https://img.sephiria.wiki/artifacts/thin_cushion.png","스스로의 힘으로 원하는 바를 얻으리라.","6","2025-08-13T10:49:34.59261+00:00","False","https://www.sephiria.wiki/artifact","2026-08-02T10:51:21.5595648Z"
"144","frozen_egg","얼어버린 알","frozen_egg","rare","稀有","glacier","빙하","[고유] 얼음 속성 공격의 치명타 확률 +5/10/15/20%
MP 재생 -9/6/3/0","https://img.sephiria.wiki/artifacts/frozen_egg.png","아무도 얼기 전 모습을 본 적이 없다.","3","2025-08-13T10:51:04.356534+00:00","False","https://www.sephiria.wiki/artifact","2026-08-02T10:51:21.5595648Z"
"145","frozen_heart","얼어붙은 심장","frozen_heart","rare","稀有","ice_weapon","얼음무구","얼음무구 아티팩트 충전 속도 +10/18/26/40/55/70/85/100%","https://img.sephiria.wiki/artifacts/frozen_heart.png","때가 되면, 심장 속에서 박동이 시작됩니다.","7","2025-08-13T10:53:02.366554+00:00","False","https://www.sephiria.wiki/artifact","2026-08-02T10:51:21.5595648Z"
"146","ice_seagull","얼음갈매기의 발","ice_seagull","rare","稀有","glacier","빙하","[고유] 대상에게 동상을 입힐 때마다 얼음 손길 버프를 획득
얼음 손길: 7초 동안 얼음 속성 피해 1 증가(최대 5/10/15/20중첩)","https://img.sephiria.wiki/artifacts/ice_seagull.png","물, 바람, 공기가 이 으스스한 작품을 만들었습니다.","3","2025-08-13T10:54:15.707387+00:00","False","https://www.sephiria.wiki/artifact","2026-08-02T10:51:21.5595648Z"
"147","oink_shaman_necklace","오잉크 주술사의 목걸이","oink_shaman_necklace","rare","稀有","curse","저주","적에게 가하는 모든 디버프의 지속시간 +20/40/60/80/100%","https://img.sephiria.wiki/artifacts/oink_shaman_necklace.png","엄니, 뼈, 원석 등을 투박하게 엮은 목걸이.","4","2025-08-13T10:55:31.490873+00:00","False","https://www.sephiria.wiki/artifact","2026-08-02T10:51:21.5595648Z"
"148","bishopric","이각수 관","bishopric","rare","稀有","academy","아카데미","[고유] 볼트 마법을 3갈래로 발사함
각 마법의 위력 69/63/57/51/45/39% 감소
마나 소모량 0/25/50/75/100/125% 증가","https://img.sephiria.wiki/artifacts/bishopric.png","전설로 내려오던 종족의 뿔을 본떠 만들었다.","5","2025-08-13T10:56:48.125191+00:00","False","https://www.sephiria.wiki/artifact","2026-08-02T10:51:21.5595648Z"
"149","artificial_spirit","인공정령 이피엘","artificial_spirit","rare","稀有","lake","호수","[고유] 가드 중 MP 재생 5/10/15/20/30/50를 획득하지만 이동 속도가 90% 감소함
검과 방패 전용","https://img.sephiria.wiki/artifacts/artificial_spirit.png","마법사를 도와주기 위해 만들어졌다.
집중해야 소통할 수 있다.","5","2025-08-13T10:58:17.863633+00:00","False","https://www.sephiria.wiki/artifact","2026-08-02T10:51:21.5595648Z"
"150","combat_wizard_gloves","전투 마법사의 장갑","combat_wizard_gloves","rare","稀有","academy","아카데미","[고유] 마법서 피해량 +10/12/15/20%
이동 속도 +3/4/5/6%","https://img.sephiria.wiki/artifacts/combat_wizard_gloves.png","무겁고 두텁습니다.
전투 마법사가 아니라 마법 전사의 물건이 아니었을까요?","3","2025-08-13T10:59:30.918697+00:00","False","https://www.sephiria.wiki/artifact","2026-08-02T10:51:21.5595648Z"
"151","reloaded_wooden_box","재장전용 나무 상자","reloaded_wooden_box","rare","稀有","firmness","견고","[고유] 탄창 갯수 +0/1/1/1/2
석궁 전용","https://img.sephiria.wiki/artifacts/reloaded_wooden_box.png","빠르게 재장전 하기 위해 미리 화살을 채워둔 도구.","4","2025-08-13T11:09:11.241433+00:00","False","https://www.sephiria.wiki/artifact","2026-08-02T10:51:21.5595648Z"
"152","thunder","천둥 갑옷","thunder","rare","稀有","magic_engineering","마법공학","[고유] 천둥 갑옷 획득","https://img.sephiria.wiki/artifacts/thunder.png","천둥 갑옷 마법이 적혀있는 책.","4","2025-08-13T11:11:14.886367+00:00","False","https://www.sephiria.wiki/artifact","2026-08-02T10:51:21.5595648Z"
"153","bronze_mirror","청동거울 파편","bronze_mirror","rare","稀有","firmness","견고","특수 공격 비용 감소 +20/30/40/50%
대검 전용","https://img.sephiria.wiki/artifacts/bronze_mirror.png","과거의 염원이 강하게 남아있다.
부서진 채로 보자기에 싸여 전해진다.","3","2025-08-13T11:12:32.353186+00:00","False","https://www.sephiria.wiki/artifact","2026-08-02T10:51:21.5595648Z"
"154","rabbit_village_guard_helm","토끼 마을 경비병 투구","rabbit_village_guard_helm","rare","稀有","firmness","견고","[고유] 최종 무기 공격력 +4/8/12/16%
회피 -4/4/8/8","https://img.sephiria.wiki/artifacts/rabbit_village_guard_helm.webp","평균 크기 토끼의 얼굴에만 맞습니다.","3","2025-08-13T11:13:50.371183+00:00","False","https://www.sephiria.wiki/artifact","2026-08-02T10:51:21.5595648Z"
"155","blue_ring","푸른 고리","blue_ring","rare","稀有","mystery","신비","[고유] 현재 HP가 70% 이상이면 모든 피해 증폭 +6/8/10/15%","https://img.sephiria.wiki/artifacts/blue_ring.png","가방에서 꺼낼 때 가방 안을 보면 안 됩니다.","3","2025-08-13T11:14:55.148941+00:00","False","https://www.sephiria.wiki/artifact","2026-08-02T10:51:21.5595648Z"
"156","fluffy","푹신한 털장갑","fluffy","rare","稀有","glacier","빙하","[고유] 동상에 걸린 대상은 얼음 속성 피해에 +5/10/15/20/25% 더 피해를 입음 (동료 피해에도 적용)","https://img.sephiria.wiki/artifacts/fluffy.png","따뜻한 곳에 살던 친구들을 위해서야.
색이 섞인 것도 이쁘지?
-살론-","4","2025-08-13T11:15:52.751432+00:00","False","https://www.sephiria.wiki/artifact","2026-08-02T10:51:21.5595648Z"
"157","white_twig","하얀 나뭇가지","white_twig","rare","稀有","lake","호수","[고유] MP 재생 +5/9/15/22/30","https://img.sephiria.wiki/artifacts/white_twig.webp","희귀한 병에 걸려 색이 변했다.","4","2025-08-13T11:16:54.799501+00:00","False","https://www.sephiria.wiki/artifact","2026-08-02T10:51:21.5595648Z"
"158","white_egg_shell","하얀 알 껍질","white_egg_shell","rare","稀有","mystery","신비","[고유] 공격한 대상의 HP가 4/8/12/16/20% 이하라면 즉시 처치 (보스에게는 발동되지 않음)","https://img.sephiria.wiki/artifacts/white_egg_shell.png","아주 오래되어 바스락거린다.","4","2025-08-13T11:17:59.410898+00:00","False","https://www.sephiria.wiki/artifact","2026-08-02T10:51:21.5595648Z"
"159","white_planet","하얀 행성","white_planet","rare","稀有","planet","행성","[고유] 피해량 30/36/42/48/54/60/66/72의 얼음 탄환을 발사하는 하얀 행성 소환","https://img.sephiria.wiki/artifacts/white_planet.png","도서관에 전시되어 있던 하얀 행성 모형.
과거 하늘 밖을 보던 자들이 만들었다.","7","2025-08-13T11:18:57.511723+00:00","False","https://www.sephiria.wiki/artifact","2026-08-02T10:51:21.5595648Z"
"160","heart_shaped_carrot","하트모양 당근","heart_shaped_carrot","rare","稀有","lake","호수","[고유] 최대 HP +5/10/15/20/30
최대 MP +5/10/15/20/30","https://img.sephiria.wiki/artifacts/heart_shaped_carrot.webp","특이한 모양의 당근으로 만든 아티팩트.","4","2025-08-13T11:20:11.373645+00:00","False","https://www.sephiria.wiki/artifact","2026-08-02T10:51:21.5595648Z"
"161","bloodstone_ring","혈석 반지","bloodstone_ring","rare","稀有","mystery","신비","[고유] 15/13/10회 처치 시 HP 5 회복","https://img.sephiria.wiki/artifacts/bloodstone_ring.png","생명의 고동이 전해진다.","2","2025-08-13T11:21:15.8624+00:00","False","https://www.sephiria.wiki/artifact","2026-08-02T10:51:21.5595648Z"
"162","black_tea","홍차 잎 주머니","black_tea","rare","稀有","","","[고유] 미니보스로부터 받는 피해 +30%, 미니보스 처치할 때 모든 피해 증폭 +4/8/12% (최대 3 스택)","https://img.sephiria.wiki/artifacts/black_tea.png","찻잎 빼기 귀찮다고 주머니 통째로 물에 넣으면 안 돼요!","2","2025-08-13T11:22:21.347024+00:00","False","https://www.sephiria.wiki/artifact","2026-08-02T10:51:21.5595648Z"
"163","flame_root","화염초 뿌리","flame_root","rare","稀有","yinggalbul","잉걸불","[고유] 퓨리 적중 시 주변에 화염 속성 피해의 200/400/600% 피해를 줌
최대 MP +6/12/20
단검 전용","https://img.sephiria.wiki/artifacts/flame_root.png","발화 작용을 하는 신기한 풀의 뿌리.","2","2025-08-13T11:23:36.772363+00:00","False","https://www.sephiria.wiki/artifact","2026-08-02T10:51:21.5595648Z"
"164","flame_insect","화염충","flame_insect","rare","稀有","yinggalbul","잉걸불","[고유] 화상 디버프 중첩 +0/1/1/2/3/4","https://img.sephiria.wiki/artifacts/flame_insect.png","스스로 발화하는 능력을 가진 벌레.
조련이 가능하다.","5","2025-08-13T11:24:42.257474+00:00","False","https://www.sephiria.wiki/artifact","2026-08-02T10:51:21.5595648Z"
"165","giant_telescope","거대 망원경","giant_telescope","rare","稀有","planet","행성","행성 공격 속도 +5/10%
주변 8칸에 위치한 행성을 거대화 (거대화 된 행성은 투사체가 커지고 피해량이 50% 증가)","https://img.sephiria.wiki/artifacts/giant_telescope.png","하늘에 떠 있는 무언가를 보기 위해 발명된 도구.","1","2025-08-13T11:29:51.575037+00:00","False","https://www.sephiria.wiki/artifact","2026-08-02T10:51:21.5595648Z"
"166","black_scales","검은 비늘","black_scales","legend","传说","precision","정밀","[고유] 인벤토리 내 석판 개수만큼 치명타 확률 1/1.5/2/2.5% 증가","https://img.sephiria.wiki/artifacts/black_scales.png","어느 동물의 비늘인지 알 수 없다.","3","2025-08-18T09:19:22.039399+00:00","False","https://www.sephiria.wiki/artifact","2026-08-02T10:51:21.5595648Z"
"167","humility_crown","겸손의 왕관","humility_crown","legend","传说","firmness","견고","[고유] 일반 공격 마지막 연격의 피해량 +10/22/40/60/84%","https://img.sephiria.wiki/artifacts/humility_crown.png","중앙의 보석에서 편안한 빛이 흘러나온다.","4","2025-08-18T09:20:48.386182+00:00","False","https://www.sephiria.wiki/artifact","2026-08-02T10:51:21.5595648Z"
"168","clay_tablet","뇌문 점토판","clay_tablet","legend","传说","extrium","먹구름","[고유] 먹구름이 10/20/30/40/50% 확률로 소모되지 않음","https://img.sephiria.wiki/artifacts/clay_tablet.webp","만물의 연속을 담아서.","4","2025-08-18T09:23:23.112844+00:00","False","https://www.sephiria.wiki/artifact","2026-08-02T10:51:21.5595648Z"
"169","riley_congregation_clock","라일리의 회중시계","riley_congregation_clock","legend","传说","academy","아카데미","<제약> 인벤토리 가장 아래 칸에 있을 때 효과 발동
[고유] 마법서 가속 +40/60/80
치명타 피해 +8/14/20%
마법서 소모 MP +5/5/10%","https://img.sephiria.wiki/artifacts/riley_congregation_clock.png","오른쪽으로 저항감이 느껴질 때까지 천천히 태엽을 돌려야 합니다.","2","2025-08-18T09:25:14.006677+00:00","False","https://www.sephiria.wiki/artifact","2026-08-02T10:51:21.5595648Z"
"170","ruby_brooch","루비 브로치","ruby_brooch","solid","结缚","yinggalbul|extrium","잉걸불|먹구름","[고유] 먹구름의 벼락이 적중한 적에게 화상 디버프 부여
번개 속성 피해 +3/5/7/10
화염 속성 피해 +3/5/7/10","https://img.sephiria.wiki/artifacts/ruby_brooch.png","뜨겁다. 빛난다. 그리고 쏜다.","3","2025-08-18T09:26:59.563716+00:00","False","https://www.sephiria.wiki/artifact","2026-08-02T10:51:21.5595648Z"
"171","meteor_shower","메테오 샤워","meteor_shower","legend","传说","yinggalbul","잉걸불","[고유] 메테오 샤워 획득","https://img.sephiria.wiki/artifacts/meteor_shower.png","메테오 샤워 마법이 적혀있는 책.","3","2025-08-18T09:28:40.013627+00:00","False","https://www.sephiria.wiki/artifact","2026-08-02T10:51:21.5595648Z"
"172","walter_work_monocle","발터의 작업용 단안경","walter_work_monocle","legend","传说","precision","정밀","[고유] 치명타 확률 +10/19/28/35/45%
적이 3타일 내에 근접해 있는 경우, 치명타 피해 -30%","https://img.sephiria.wiki/artifacts/walter_work_monocle.png","가끔 마법용품의 완성도가 실제 마법에 영향을 줄 때가 있지.
도수가 높으니까 사용할 때 반대쪽 눈은 꼭 감도록 해.","4","2025-08-18T09:30:22.581831+00:00","False","https://www.sephiria.wiki/artifact","2026-08-02T10:51:21.5595648Z"
"173","berut_sickle","베루트의 낫","berut_sickle","legend","传说","precision","정밀","[고유] 공격의 치명타 확률이 100%를 초과한 경우, 초과한 확률이 처형 발생 확률로 전환
치명타 확률 +2.5/5/7.5/10%","https://img.sephiria.wiki/artifacts/berut_sickle.png","악은 없다.
무지함에서 오는 행동만이 존재한다.","3","2025-08-18T09:33:08.783697+00:00","False","https://www.sephiria.wiki/artifact","2026-08-02T10:51:21.5595648Z"
"174","empty_handle","비어 있는 검 손잡이","empty_handle","legend","传说","academy","아카데미","[고유] 마법서 피해량 +5/10/15/20/25/30%
최종 MP +7/9/11/13/15/20%
MP 재생 +2/2/2/4/4/6","https://img.sephiria.wiki/artifacts/empty_handle.png","위험에 대비하라.","5","2025-08-18T09:34:23.802684+00:00","False","https://www.sephiria.wiki/artifact","2026-08-02T10:51:21.5595648Z"
"175","shining_hourglass","빛나는 모래시계","shining_hourglass","legend","传说","academy","아카데미","오른쪽 칸의 마법서 마법서 가속 +60/100/140%","https://img.sephiria.wiki/artifacts/shining_hourglass.png","모래에서 은은한 빛이 흘러나온다.","2","2025-08-18T09:35:45.280384+00:00","False","https://www.sephiria.wiki/artifact","2026-08-02T10:51:21.5595648Z"
"176","shield_mate","실드 메이트","shield_mate","legend","传说","firmness","견고","[고유]휩쓸기 MP 소모 -15/30/45/60/70/80/100%
무기 피해량 +2/4/6/9/12/15/20%
공격 속도 -20/20/20/10/5/5/0%
검과 방패 전용","https://img.sephiria.wiki/artifacts/shield_mate.png","방패를 더 안정적으로 사용할 수 있도록 설계된 건틀릿.","6","2025-08-18T09:37:07.487514+00:00","False","https://www.sephiria.wiki/artifact","2026-08-02T10:51:21.5595648Z"
"177","ice_wings","얼음 날개","ice_wings","legend","传说","ice_weapon","얼음무구","[고유] 얼음무구 아티팩트가 0/0/0/1/1/1/2회 추가 발동
얼음무구의 피해량 -0/0/0/10/10/10/20%
치명타 피해 +2/4/6/8/10/12/20%","https://img.sephiria.wiki/artifacts/ice_wings.png","과거 얼음 정령의 날개 모양입니다.
양 날개는 서로 멀어지지도 가까워지지도 않습니다.","6","2025-08-18T09:38:31.924584+00:00","False","https://www.sephiria.wiki/artifact","2026-08-02T10:51:21.5595648Z"
"178","six_leaf_clover","여섯 잎 클로버","six_leaf_clover","legend","传说","shadow","그림자","[고유] 회피 +3/6/9/12
행운 +3/3/6/6
치명타 확률 +2/4/6/8%
고정 피해 +1/1/2/2","https://img.sephiria.wiki/artifacts/six_leaf_clover.png","커다란 은방울 꽃 아래 수많은 클로버들 중 특별한 하나라고 전해진다.","3","2025-08-18T09:40:24.665508+00:00","False","https://www.sephiria.wiki/artifact","2026-08-02T10:51:21.5595648Z"
"179","absolute_ring","절대반지","absolute_ring","legend","传说","firmness","견고","[고유] 소용돌이 범위 +30/45/60%
소용돌이 피해 +10/20/45%
대검 전용","https://img.sephiria.wiki/artifacts/absolute_ring.png","과거의 찬란하던 그 때처럼 가진 자를 축복해주고 있다.","2","2025-08-18T09:42:13.784756+00:00","False","https://www.sephiria.wiki/artifact","2026-08-02T10:51:21.5595648Z"
"180","chintamani_stone","친타마니 돌","chintamani_stone","legend","传说","mystery","신비","죽음에 이르는 피해를 받으면 아이템이 파괴되며 아래 효과가 발동됨
HP +50% 회복 후 잠깐동안 무적
부서진 곳의 인벤토리 레벨 +3","https://img.sephiria.wiki/artifacts/chintamani_stone.png","삿된 일이여, 돌아가라.
삿된 기운이여, 물럿거라.","0","2025-08-18T09:43:43.302795+00:00","False","https://www.sephiria.wiki/artifact","2026-08-02T10:51:21.5595648Z"
"181","blue_claws","푸른 발톱","blue_claws","legend","传说","glacier","빙하","동상 부여 시 30/40/50/60% 확률로 1회 추가 부여
얼음속성 피해 +2/4/6/9
최대 MP +5/10/15/20","https://img.sephiria.wiki/artifacts/blue_claws.png","과거 신을 차갑게 할 수 있었던 용의 발톱.
사냥감을 사냥할수록 붉어진다.","3","2025-08-18T09:44:47.600991+00:00","False","https://www.sephiria.wiki/artifact","2026-08-02T10:51:21.5595648Z"
"182","blue_wrist_guard","푸른 손목 보호대","blue_wrist_guard","legend","传说","firmness","견고","[고유] 특수 공격 피해 +7/14/21/28/35/42%","https://img.sephiria.wiki/artifacts/blue_wrist_guard.png","시간을 느리게 만들기 위해서 만들어진 수많은 실패작 중 하나.","5","2025-08-18T09:45:52.080161+00:00","False","https://www.sephiria.wiki/artifact","2026-08-02T10:51:21.5595648Z"
"183","lightning_rod","피뢰침","lightning_rod","legend","传说","extrium","먹구름","[고유] 먹구름 용량 +5/10/15/20/25
전투 중 먹구름 회복 속도 +3/6/9/12/15%
번개속성 피해 +1/2/3/4/5","https://img.sephiria.wiki/artifacts/lightning_rod.png","검의 모양을 하고 있지만, 부서지기 쉬운 재질로 만들어졌습니다.","4","2025-08-18T09:47:31.039984+00:00","False","https://www.sephiria.wiki/artifact","2026-08-02T10:51:21.5595648Z"
"184","bloodstone_earrings","혈석 귀걸이","bloodstone_earrings","legend","传说","","","[고유] HP 흡수 +8
방어력 -30/25/20/10","https://img.sephiria.wiki/artifacts/bloodstone_earrings.png","어제 집 가는 길에 로브 쓴 분이 선물이라고 주더라고.
이쁘지?","3","2025-08-18T09:48:29.753037+00:00","False","https://www.sephiria.wiki/artifact","2026-08-02T10:51:21.5595648Z"
"185","white_bread","흰 테두리 빵","white_bread","legend","传说","guardian","수호","[고유] 피격 시 무적 시간 +0.4/0.8/1.2초","https://img.sephiria.wiki/artifacts/white_bread.png","바깥은 촉촉하고 안쪽은 바삭해요.","2","2025-08-18T09:49:32.640647+00:00","False","https://www.sephiria.wiki/artifact","2026-08-02T10:51:21.5595648Z"
"186","iridescent_feathers","무지갯빛 깃털","iridescent_feathers","legend","传说","spring_song","바람노래","[고유] 몰입 획득 시 0/0/1 추가 획득
특수 공격 피해 +10/16/22%
대시 회복 속도 +5/5/10%
단검 전용","https://img.sephiria.wiki/artifacts/iridescent_feathers.png","무지개가 뜰 때 가끔 바람이 날려 온다.","2","2025-09-05T14:07:20.474054+00:00","False","https://www.sephiria.wiki/artifact","2026-08-02T10:51:21.5595648Z"
"187","heitas_soul_powder","헤이타의 영혼 가루","heitas_soul_powder","advanced","高级","glacier|colleague","빙하|동료","[고유] 얼음 투사체를 발사하는 해파리 소환
투사체에 적중한 적은 동상 디버프 적용","https://img.sephiria.wiki/artifacts/heitas_soul_powder.png","세상이 요동치던 밤에 헤어진 나의 동지들아.","4","2025-09-05T14:13:56.585038+00:00","False","https://www.sephiria.wiki/artifact","2026-08-02T10:51:21.5595648Z"
"188","meditation_books","명상 서적","meditation_books","rare","稀有","academy","아카데미","[고유] 모든 마법서를 동작 없이 즉시 시전
마법서 피해량 +6/8/11/14%","https://img.sephiria.wiki/artifacts/meditation_books.png","자신을 성장시키려 하지 말고, 지금 이 순간의 자신을 받아들여라.","3","2025-09-05T14:21:56.843223+00:00","False","https://www.sephiria.wiki/artifact","2026-08-02T10:51:21.5595648Z"
"190","rock_elephant","바위코끼리","rock_elephant","solid","结缚","guardian|spring_song","수호|바람노래","[고유] 발동형 아티팩트 (재사용 대기시간: 15초, 대시 횟수 소모 시 3.0초 감소)
방어력의 +70/95/125/160/200%만큼 피해를 주는 바위창을 3개 발사
추가 공격 속도 15%당 바위창 갯수 추가","https://img.sephiria.wiki/artifacts/rock_elephant.png","뿔이 세밀하게 깎여있어 부서질 것 같지만, 아주 튼튼합니다.","4","2025-10-05T15:38:29.251649+00:00","False","https://www.sephiria.wiki/artifact","2026-08-02T10:51:21.5595648Z"
"191","solis_decree","솔리스 데크리","solis_decree","legend","传说","sun_sword","태양검","[고유] 태양검이 대상의 방어력을 +2/4/6/8/10/12/14% 무시
태양검 치명타 확률 +5/10/15/22/30/40/50%","https://img.sephiria.wiki/artifacts/solis_decree.png","정령이 스스로 따르는 이에게 수여되는 쌍날검 모양 뱃지.","6","2025-10-05T15:42:30.911028+00:00","False","https://www.sephiria.wiki/artifact","2026-08-02T10:51:21.5595648Z"
"192","cloud_shoulder_ornament","운철 어깨 장식","cloud_shoulder_ornament","advanced","高级","sun_sword","태양검","[고유] 발동형 아티팩트 (재사용 대기시간: 10/8/6/4/2.5초)
바닥에 떨어진 모든 태양검을 회수하고, 그 경로의 적에게 태양검 피해","https://img.sephiria.wiki/artifacts/cloud_shoulder_ornament.png","고유의 효과를 지키기 위해 거의 가공하지 않았습니다.","4","2025-10-05T15:45:12.406855+00:00","False","https://www.sephiria.wiki/artifact","2026-08-02T10:51:21.5595648Z"
"193","cloud_iron_earrings","운철 귀걸이","cloud_iron_earrings","legend","传说","sun_sword","태양검","[고유] 태양검 투척 시 자신과 가까운 곳에 떨어짐
태양검 피해량 +5/10/15%
화염속성 피해 +2/4/7","https://img.sephiria.wiki/artifacts/cloud_iron_earrings.png","운철에 끌어당기는 힘은 없지만, 그렇게 되도록 세공되었습니다.","2","2025-10-05T15:47:15.318441+00:00","False","https://www.sephiria.wiki/artifact","2026-08-02T10:51:21.5595648Z"
"194","solis_decusa","솔리스 데쿠사","solis_decusa","advanced","高级","sun_sword","태양검","[고유] 태양검 피해량 +5/10/15/20%
치명타 피해 +4/8/12/16%","https://img.sephiria.wiki/artifacts/solis_decusa.png","정령을 능숙히 다루는 이에게 수여되는 쌍검 모양 뱃지","3","2025-10-05T15:49:00.032061+00:00","False","https://www.sephiria.wiki/artifact","2026-08-02T10:51:21.5595648Z"
"195","solis_parvo","솔리스 파르보","solis_parvo","advanced","高级","sun_sword","태양검","[고유] 태양검 개수 상한 +1/1/2/2/3
이동 속도 +1/2/4/6/8%","https://img.sephiria.wiki/artifacts/solis_parvo.png","정령과 평등해진 이에게 수여되는 소검 모양 뱃지","4","2025-10-05T15:50:46.450876+00:00","False","https://www.sephiria.wiki/artifact","2026-08-02T10:51:21.5595648Z"
"196","eternal_brazier","영원의 화로","eternal_brazier","common","普通","sun_sword","태양검","[고유] 10/8/5 초마다 태양검 1개 생성
치명타 확률 +1/2.5/5%","https://img.sephiria.wiki/artifacts/eternal_brazier.png","태양의 형상을 본뜬 결정이 빛나고 있습니다.","2","2025-10-05T15:52:23.89129+00:00","False","https://www.sephiria.wiki/artifact","2026-08-02T10:51:21.5595648Z"
"197","sunset_cloak","물드는 노을 망토","sunset_cloak","rare","稀有","sun_sword","태양검","[고유] 태양검 투척 시 20/40/60/80/100%확률로 크기가 커지고 피해량이 33% 증가","https://img.sephiria.wiki/artifacts/sunset_cloak.png","색을 담아내는 천으로 정확한 순간을 잡아냈습니다.","4","2025-10-05T15:53:47.470555+00:00","False","https://www.sephiria.wiki/artifact","2026-08-02T10:51:21.5595648Z"
"198","ancient_anvil","고대 모루","ancient_anvil","advanced","高级","sun_sword","태양검","[고유] 태양검이 바닥에 10/20/30/40% 더 빨리 떨어짐
화염속성 피해 +2/4/6/8","https://img.sephiria.wiki/artifacts/ancient_anvil.png","사용자에 맞춰 변하지만 지금은 그 동력을 잃었습니다.","3","2025-10-05T15:55:21.999393+00:00","False","https://www.sephiria.wiki/artifact","2026-08-02T10:51:21.5595648Z"
"199","solis_pratu","솔리스 프라투","solis_pratu","common","普通","sun_sword","태양검","화염속성 피해 +2/3/5
최대 HP +2/4/6","https://img.sephiria.wiki/artifacts/solis_pratu.png","정령의 환심을 사기 위해 비효율적으로 제작된 단검 모양 뱃지","2","2025-10-05T15:56:55.811202+00:00","False","https://www.sephiria.wiki/artifact","2026-08-02T10:51:21.5595648Z"
"200","shield_bag","방패 가방","shield_bag","solid","结缚","guardian|academy","수호|아카데미","[고유] 방어력 10당 다음 효과 획득
화염속성 피해 +1/1/2/3
얼음속성 피해 +1/1/2/3
번개속성 피해 +1/1/2/3","https://img.sephiria.wiki/artifacts/shield_bag.png","거북이도 찾는, 위험한 여행길의 필수품","3","2025-10-05T15:59:34.21804+00:00","False","https://www.sephiria.wiki/artifact","2026-08-02T10:51:21.5595648Z"
"201","tuning_fork","소리굽쇠","tuning_fork","solid","结缚","academy|firmness","아카데미|견고","[고유] 0.8초마다 한번 마법서 시전 시 '음파' 스택을 획득 (최대 5중첩)
무기 공격으로 스택을 모두 소모하여 공격 지점에 혼돈 피해를 가함 (마법서 피해로 간주됨)
피해량: 모든 속성 피해의 평균치 +200/250/300/350/450% (마법서 가속 1당 소리굽쇠 피해량이 +1% 증폭)","https://img.sephiria.wiki/artifacts/tuning_fork.png","악기를 조율하는 데 사용하는 도구","4","2025-10-05T16:01:37.326812+00:00","False","https://www.sephiria.wiki/artifact","2026-08-02T10:51:21.5595648Z"
"202","sealed_tejas","봉인된 테자스","sealed_tejas","solid","结缚","yinggalbul|glacier","잉걸불|빙하","[고유] 화상이 푸른 화상으로 변경
화상 디버프 추가 피해량 +3/6/9/12%","https://img.sephiria.wiki/artifacts/sealed_tejas.png","사나운 불의 정령이 봉인되어 있습니다.","3","2025-10-05T16:03:07.760302+00:00","False","https://www.sephiria.wiki/artifact","2026-08-02T10:51:21.5595648Z"
"204","ice_cloud_butterfly","얼음구름 나비","ice_cloud_butterfly","solid","结缚","extrium|glacier","먹구름|빙하","[고유] 먹구름이 눈보라 구름으로 변경됨
얼음속성 피해 +2/4/6/8
먹구름의 소모 속도 +6/12/18/24%","https://img.sephiria.wiki/artifacts/ice_cloud_butterfly.png","나의 사랑하는 패밀리어. 이런 모습에서라도 내 곁에 있어줘.","3","2025-10-05T16:04:43.622376+00:00","False","https://www.sephiria.wiki/artifact","2026-08-02T10:51:21.5595648Z"
"205","water_droplets_from_plitvice","플리트비체의 물방울","water_droplets_from_plitvice","solid","结缚","ice_weapon|lake","얼음무구|호수","[고유] 얼음 무구 발동 시, MP를 4 소모하여 회전하는 얼음검 소환 (최대 5개) [피해량: 기본 공격력 x 추가 MP의 50% 만큼 피해]
기본 공격력: 얼음속성 피해의 6%","https://img.sephiria.wiki/artifacts/water_droplets_from_plitvice.png","얼음 요정이 호수 위에 춤을 출 때, 그 발 아래 생기는 결정 중 하나","0","2025-10-05T16:06:46.542535+00:00","False","https://www.sephiria.wiki/artifact","2026-08-02T10:51:21.5595648Z"
"206","tactical_manual","전술 지침서","tactical_manual","solid","结缚","colleague|precision","동료|정밀","[고유] 플레이어 치명타 확률, 치명타 피해가 동료에게 +30/60/90/120% 반영
치명타 확률 +2/4/6/8%","https://img.sephiria.wiki/artifacts/tactical_manual.png","도서관에 보관되고 있던 책. 언제 쓰였는지 알 수 없다.","3","2025-10-05T16:08:16.742785+00:00","False","https://www.sephiria.wiki/artifact","2026-08-02T10:51:21.5595648Z"
"207","swaying_eyes","일렁이는 눈","swaying_eyes","solid","结缚","shadow|precision","그림자|정밀","[고유] 치명타 시 '신기루'스택 획득. 신기루 100% 상태에서 피격 시 공격을 무조건 회피하며, 주변 넓은 적에게 회피 300/600/900/1200/1500% 혼돈 피해","https://img.sephiria.wiki/artifacts/swaying_eyes.png","형체가 없지만 분명히 잡히고, 가방에 넣어도 빠져나가지 않습니다.","4","2025-10-05T16:09:51.401617+00:00","False","https://www.sephiria.wiki/artifact","2026-08-02T10:51:21.5595648Z"
"208","sheet_music_storm","악보 '폭풍'","sheet_music_storm","solid","结缚","extrium|spring_song","먹구름|바람노래","[고유] 먹구름의 소모 속도는 공격 속도의 25/50/100%만큼 더 빨라짐
무기 공격 시 5/10/15의 번개속성 피해를 가함
공격 속도 +4/8/12%","https://img.sephiria.wiki/artifacts/sheet_music_storm.png","느껴라, 찰나에 머무는 빛을.","2","2025-10-05T16:11:40.779209+00:00","False","https://www.sephiria.wiki/artifact","2026-08-02T10:51:21.5595648Z"
"209","sheet_music_galaxy","악보 '은하'","sheet_music_galaxy","solid","结缚","planet|spring_song","행성|바람노래","[고유] 공격 속도 +4/8/12%
X/X/무기 공격 할 때 마다 공격 주기가 빨라짐","https://img.sephiria.wiki/artifacts/sheet_music_galaxy.png","하늘의 어둠과 별을 엮어서.","2","2025-10-05T16:14:02.771524+00:00","False","https://www.sephiria.wiki/artifact","2026-08-02T10:51:21.5595648Z"
"210","brass_mirror_fragments","황동거울 파편","brass_mirror_fragments","rare","稀有","firmness","견고","[고유] 특수 공격 비용 감소 +20/30/40/50%
석궁 전용","https://img.sephiria.wiki/artifacts/brass_mirror_fragments.png","과거의 염원이 강하게 남아있다. 부서진 채로 보자기에 싸여 전해진다.","3","2025-10-05T16:43:58.175799+00:00","False","https://www.sephiria.wiki/artifact","2026-08-02T10:51:21.5595648Z"
"211","stabbing_textbook","찌르기 교본","stabbing_textbook","advanced","高级","firmness","견고","[고유] 2초마다 대시 공격이 강화되어 대미지가 30% 증가하고, 가장 높은 속성에 기반한 공격으로 전환
도 전용","https://img.sephiria.wiki/artifacts/stabbing_textbook.png","점과 점 사이를 잇는다는 감각을 느끼는 것이 찌르기의 극의이다.","0","2025-10-05T16:48:00.918092+00:00","False","https://www.sephiria.wiki/artifact","2026-08-02T10:51:21.5595648Z"
"212","talisman_of_talent","재주의 부적","talisman_of_talent","common","普通","shadow","그림자","회피 +3/6","https://img.sephiria.wiki/artifacts/talisman_of_talent.png","손목을 고정해 주는 보호대 역할도 한다.","1","2025-10-05T16:54:58.829572+00:00","False","https://www.sephiria.wiki/artifact","2026-08-02T10:51:21.5595648Z"
"213","broken_sapphire","부서진 사파이어","broken_sapphire","rare","稀有","shadow","그림자","[고유] 16/14/12초마다 공격을 무조건 회피하는 장막 획득
회피 +3/6/10
방어력 +2/4/6","https://img.sephiria.wiki/artifacts/broken_sapphire.png","있어서는 안 될 일을 반쯤 없던 일로 해준다.","2","2025-10-05T16:56:47.483014+00:00","False","https://www.sephiria.wiki/artifact","2026-08-02T10:51:21.5595648Z"
"214","cloak_of_the_green","환록의 망토","cloak_of_the_green","advanced","高级","shadow","그림자","[고유] 대시 횟수 +0/1/1
회피 +4/6/8
치명타 확률 +1/2/4%","https://img.sephiria.wiki/artifacts/cloak_of_the_green.png","자연의 기운이 깃들어 푸르른 곳에서 은밀하게 행동할 수 있습니다.","2","2025-10-05T16:58:12.782962+00:00","False","https://www.sephiria.wiki/artifact","2026-08-02T10:51:21.5595648Z"
"215","wings","날개","wings","legend","传说","spring_song","바람노래","[고유] 추가 공격 속도 25/20/15/9/6/5%당 모든 피해 증폭 1% 증가
공격 속도 +3/6/9/12/15/18%","https://img.sephiria.wiki/artifacts/wings.png","마법으로 구름을 엮어 만든 날개.","5","2025-10-05T17:24:48.790031+00:00","False","https://www.sephiria.wiki/artifact","2026-08-02T10:51:21.5595648Z"
"216","lightning_chakram","전격 차크람","lightning_chakram","advanced","高级","magic_engineering","마법공학","[고유] 주기적으로 주변을 공격하는 차크람 1/2/2/3/3개 발사
[피해량: 10/10x2/16x2/16x3/22x3 (번개속성 피해 50/50/80/80/110%)]
차크람 적중 시 10/10/10/10/30% 확률로 감전 부여","https://img.sephiria.wiki/artifacts/lightning_chakram.png","사탕수수 정도는 베어낼 수 있다.","4","2025-10-05T17:36:38.614922+00:00","False","https://www.sephiria.wiki/artifact","2026-08-02T10:51:21.5595648Z"
"217","lightning_struck_tree_branch","번개 맞은 나뭇가지","lightning_struck_tree_branch","common","普通","magic_engineering","마법공학","[고유] 무기 공격이나 마법서로 피해를 주면 대상에게 10/20/30 번개속성 피해를 가함 (재사용 대기시간 2초)","https://img.sephiria.wiki/artifacts/lightning_struck_tree_branch.png","무겁고 특이한 냄새가 난다.","2","2025-10-05T17:40:22.060963+00:00","False","https://www.sephiria.wiki/artifact","2026-08-02T10:51:21.5595648Z"
"218","thunders_earrings","썬더의 귀걸이","thunders_earrings","advanced","高级","magic_engineering","마법공학","[고유] 4초마다 주변 1/2/2/3/3/4명의 적에게 번개속성 피해 30%의 번개 공격을 가하고, 감전 디버프 부여
번개속성 피해 +1/2/3/4/5/6","https://img.sephiria.wiki/artifacts/thunders_earrings.png","도서관에서 개발한 신소재를 사용해 가볍습니다.","5","2025-10-05T17:43:16.667801+00:00","False","https://www.sephiria.wiki/artifact","2026-08-02T10:51:21.5595648Z"
"219","ahmads_soul_powder","아마드의 영혼 가루","ahmads_soul_powder","advanced","高级","magic_engineering|colleague","마법공학|동료","[고유] 번개 투사체를 발사하는 해파리 소환
투사체에 적중한 적은 감전 디버프 적용","https://img.sephiria.wiki/artifacts/ahmads_soul_powder.png","물결 없는 그곳. 누구도 상처 주지 않아도 되는 그곳에 다시 가고 싶어라.","4","2025-10-05T17:46:35.864766+00:00","False","https://www.sephiria.wiki/artifact","2026-08-02T10:51:21.5595648Z"
"220","stinging_bug","찌릿충","stinging_bug","rare","稀有","magic_engineering","마법공학","[고유] 감전 중첩 +0/1/1/2/2/3","https://img.sephiria.wiki/artifacts/stinging_bug.png","스스로 전기를 일으키는 벌레. 조련이 가능하다.","5","2025-10-05T17:48:47.038631+00:00","False","https://www.sephiria.wiki/artifact","2026-08-02T10:51:21.5595648Z"
"221","frozen_bow","얼어붙은 활","frozen_bow","legend","传说","ice_weapon","얼음무구","[고유] 발동형 아티팩트
0.8초마다 1발씩 자동 충전 (최대 7)
적에게 얼음 화살을 발사해 얼음 피해를 가함
[피해량: 20/22/24/26/28/30 (12 + 얼음속성 피해 50/60/70/80/100/120%)]","https://img.sephiria.wiki/artifacts/frozen_bow.png","오랜 시간을 견뎌내면 활을 잡은 이에게만은 냉기를 뿌리지 않습니다.","5","2025-10-05T17:54:29.784316+00:00","False","https://www.sephiria.wiki/artifact","2026-08-02T10:51:21.5595648Z"
"222","black_planet","암흑 행성","black_planet","legend","传说","planet","행성","[고유] 혼돈 탄환을 발사하는 암흑 행성 소환
[피해량: 50/60/70/80/90]","https://img.sephiria.wiki/artifacts/black_planet.png","도서관에 전시되어 있던 검은색 행성. 과거 하늘 밖을 보던 자들이 만들었다.","4","2025-10-05T18:06:57.002257+00:00","False","https://www.sephiria.wiki/artifact","2026-08-02T10:51:21.5595648Z"
"223","ashen_planet","잿빛 행성","ashen_planet","common","普通","planet","행성","[고유] 얼음 탄환을 발사하는 잿빛행성 소환
[피해량: 15/20/25/30/35/40]","https://img.sephiria.wiki/artifacts/ashen_planet.png","도서관에 전시되어 있던 잿빛 행성 모형. 과거 하늘 밖을 보던 자들이 만들었다.","5","2025-10-05T18:08:53.249455+00:00","False","https://www.sephiria.wiki/artifact","2026-08-02T10:51:21.5595648Z"
"224","petrification","석화","petrification","common","普通","extrium","먹구름","번개속성 피해 +3/6
치명타 피해 +3/6%","https://img.sephiria.wiki/artifacts/petrification.png","꽃은 하늘에도 지상에도 지하에도 있다.","1","2025-10-05T18:29:15.179608+00:00","False","https://www.sephiria.wiki/artifact","2026-08-02T10:51:21.5595648Z"
"225","hand_mirror","손 거울","hand_mirror","rare","稀有","guardian","수호","[고유] 대시 시 5초 지속되는 보호막 5/5/10획득 (쿨다운 5초)
방어력 +3/6/9","https://img.sephiria.wiki/artifacts/hand_mirror.png","털 손질 그 이상을 원하는 동물들이 들고 다니는 도구","2","2025-10-05T18:40:16.225954+00:00","False","https://www.sephiria.wiki/artifact","2026-08-02T10:51:21.5595648Z"
"226","white_paper","하얀 종이","white_paper","advanced","高级","","","[고유] 양쪽 칸에 배치된 아티팩트가 동일한 콤보인 경우, 해당 콤보 수치 1 증가
모든 피해 증폭 +3/6%","https://img.sephiria.wiki/artifacts/white_paper.png",,"1","2025-10-14T10:33:21.706328+00:00","False","https://www.sephiria.wiki/artifact","2026-08-02T10:51:21.5595648Z"
"227","eternal_sun","영원의 식","eternal_sun","solid","结缚","sun_sword|ice_weapon","태양검|얼음무구","[고유] 아이템이 인벤토리 왼편에 있다면 얼음 무구 아티팩트가 화염속성 피해 기반으로 변경되고, 오른편에 있다면 태양검 아티팩트가 얼음속성 피해 기반으로 변경됨
얼음 무구의 피해량 +6/13/21/30%
태양검 피해량 +6/13/21/30%
얼음 무구의 공격으로도 태양검이 발동됨","https://img.sephiria.wiki/artifacts/eternal_sun.png","푸른 달과 태양을 조각한 모형.","3","2025-10-14T10:39:50.423193+00:00","False","https://www.sephiria.wiki/artifact","2026-08-02T10:51:21.5595648Z"
"228","flux_mk2","플럭스 결합기 Mk.2","flux_mk2","solid","结缚","extrium|colleague","먹구름|동료","[고유] 동료가 번개 피해를 입힐 때 먹구름 1회 발동 (동료별 쿨다운: 0.1초)
동료가 입히는 피해량 +3/6/9/12%","https://img.sephiria.wiki/artifacts/flux_mk2.png","낡은 장치. 뒷편에는 다음과 같이 쓰여 있다: '표준 규격 - 대부분의 개체와 호환됨'","3","2025-11-28T14:42:04.868571+00:00","False","https://www.sephiria.wiki/artifact","2026-08-02T10:51:21.5595648Z"
"229","overall_armband","채굴작업 총괄 완장","overall_armband","legend","传说","colleague","동료","[고유] 두더지 대장 소환","https://img.sephiria.wiki/artifacts/overall_armband.png","이 완장은 오직 한 두더지만이 착용할 수 있습니다.","4","2025-11-28T15:17:17.239065+00:00","False","https://www.sephiria.wiki/artifact","2026-08-02T10:51:21.5595648Z"
"230","badge_of_devotion","헌신의 휘장","badge_of_devotion","advanced","高级","colleague","동료","[고유] 인벤토리 내 동일한 줄에 배치된 동료가 혼돈 피해를 가함
동료들의 방어력 +6/12/18/24","https://img.sephiria.wiki/artifacts/badge_of_devotion.png","단 하나를 위하여.","3","2025-11-28T15:20:14.232389+00:00","False","https://www.sephiria.wiki/artifact","2026-08-02T10:51:21.5595648Z"
"231","mysterious_weight","신비한 무게 추","mysterious_weight","legend","传说","firmness","견고","[고유] 일반 공격 피해 +22/26/32/40/50% 증가
공격 속도 -10/10/10/10/10%","https://img.sephiria.wiki/artifacts/mysterious_weight.png",,"4","2025-12-24T17:59:41.022248+00:00","False","https://www.sephiria.wiki/artifact","2026-08-02T10:51:21.5595648Z"
"232","lucky_medal","행운의 메달","lucky_medal","advanced","高级","bargaining","교섭","[고유] 상인과 거래 시, +100/150/200 잎 생성 (상인당 1회 발동)
협상력 +2/6/10","https://img.sephiria.wiki/artifacts/lucky_medal.png","바닥에 떨어진 잎을 찾아내는 행운의 증표.","2","2026-01-08T16:32:32.279123+00:00","False","https://www.sephiria.wiki/artifact","2026-08-02T10:51:21.5595648Z"
"233","neutralizer_black","중화제 흑","neutralizer_black","advanced","高级","curse","저주","디버프로 가하는 피해량 +4/8/12/16%
치명타 확률 -10/10/6/6%","https://img.sephiria.wiki/artifacts/neutralizer_black.png","연금술을 익힌 동물들이 자주 사용하는 약. 특별한 재료를 넣어 색이 탁해졌다.","3","2026-01-08T16:37:28.134593+00:00","False","https://www.sephiria.wiki/artifact","2026-08-02T10:51:21.5595648Z"
"234","green_ink_bottle_v2","초록 잉크병","green_ink_bottle","advanced","高级","curse","저주","<제약> 아이템이 인벤토리 가장자리에 있을 때 효과 발동
디버프를 가할 때 +20/30/40/50% 확률로 가까운 적에게 추가 부여 (쿨다운 0.4초)","https://img.sephiria.wiki/artifacts/green_ink_bottle.png","이 병에 잉크를 넣으면 며칠 후 잉크가 사라집니다.","3","2026-01-08T16:38:53.169912+00:00","False","https://www.sephiria.wiki/artifact","2026-08-02T10:51:21.5595648Z"
"235","shock_amplifier","충격 증폭기","shock_amplifier","legend","传说","mystery","신비","[고유] 고정 피해 +1/1/1/2/2/3/4/4/5/6/7/8/9/12/14","https://img.sephiria.wiki/artifacts/shock_amplifier.png",,"14","2026-01-08T17:09:57.598943+00:00","False","https://www.sephiria.wiki/artifact","2026-08-02T10:51:21.5595648Z"
"236","crystal_of_harmony","조화의 수정","crystal_of_harmony","legend","传说","mystery","신비","근처 8칸 아티팩트 레벨 1당 모든 피해 증폭 +1/2% 증가","https://img.sephiria.wiki/artifacts/crystal_of_harmony.png",,"1","2026-01-08T17:15:01.2003+00:00","False","https://www.sephiria.wiki/artifact","2026-08-02T10:51:21.5595648Z"
"237","eternal_winter","영원한 겨울","eternal_winter","solid","结缚","glacier|firmness","빙하|견고","[고유] 일반 공격 적중 시, 16/24/36% 확률로 추가 피해를 가함.
[피해량: 물리 피해 40/75/125% + 얼음속성 피해의 80/150/250% (일반 공격 피해로 간주됨)]","https://img.sephiria.wiki/artifacts/eternal_winter.png","흙 속에 묻혀있었어. 이 세상 물건이 아닌 것 같군. - 타가","2","2026-01-09T03:21:35.951263+00:00","False","https://www.sephiria.wiki/artifact","2026-08-02T10:51:21.5595648Z"
"238","lightning_amulet","전격의 부적","lightning_amulet","common","普通","magic_engineering","마법공학","번개속성 피해 +3/4/6/8","https://img.sephiria.wiki/artifacts/lightning_amulet.png","지닌 자의 폭발적인 분노를 잠재운다.","3","2026-01-09T13:15:22.027454+00:00","False","https://www.sephiria.wiki/artifact","2026-08-02T10:51:21.5595648Z"
"239","multicolored_candy_jar","오색사탕 유리병","multicolored_candy_jar","advanced","高级","element","원소","[고유] 발동형 아티팩트 (재사용 대기시간: 6초)
가장 높은 속성 피해의 +100/150/200/250%만큼 피해를 주는 속성 폭탄을 +1/2/3/4개 발사","https://img.sephiria.wiki/artifacts/multicolored_candy_jar.png","항상 어린 동물의 손에 닿지 않는 곳에 존재합니다.","3","2026-01-23T13:44:58.713311+00:00","False","https://www.sephiria.wiki/artifact","2026-08-02T10:51:21.5595648Z"
"240","plump_fruits","통통열매 양동이","plump_fruits","rare","稀有","lake","호수","[고유] 발동형 아티팩트 (재사용 대기시간: 30초, MP 재생 수치 1당 +3% 가속)
사용 시 MP +50/100%를 즉시 회복","https://img.sephiria.wiki/artifacts/plump_fruits.png","보이는 것 보다 더 많이 물을 넣을 수 있습니다.","1","2026-01-23T13:54:18.260018+00:00","False","https://www.sephiria.wiki/artifact","2026-08-02T10:51:21.5595648Z"
"241","defect_probe","결함 탐침봉","defect_probe","rare","稀有","precision","정밀","[고유] 치명타 확률 +3/6/9/12/15/18/21","https://img.sephiria.wiki/artifacts/defect_probe.png","주로 훈련소 교관과 마법진 선생님이 사용했습니다.","6","2026-02-12T14:47:17.978425+00:00","False","https://www.sephiria.wiki/artifact","2026-08-02T10:51:21.5595648Z"
"242","wanderers_necklace","유랑자의 목걸이","wanderers_necklace","rare","稀有","spring_song","바람노래","[고유] 공격 속도 +6/12/18%
가장 높은 속성 피해 +2/4/6","https://img.sephiria.wiki/artifacts/wanderers_necklace.png","집이 없는 게 아니라 여행 중인 거야.","2","2026-02-12T14:49:00.327378+00:00","False","https://www.sephiria.wiki/artifact","2026-08-02T10:51:21.5595648Z"
"243","heart_of_the_beast","야수의 심장","heart_of_the_beast","legend","传说","guardian","수호","[고유] 방어력 +4/8/12/16/20
모든 피해 증폭 +2/4/6/8/10%
행운 +2/3/4/5/6","https://img.sephiria.wiki/artifacts/heart_of_the_beast.png","동물을 본뜬 기계 인형을 만들기 위한 장치. 단단해 보이지만 내부가 비어있어 조심해야 합니다.","4","2026-02-12T14:50:46.269425+00:00","False","https://www.sephiria.wiki/artifact","2026-08-02T10:51:21.5595648Z"
"244","stone_wheel","돌 가락바퀴","stone_wheel","rare","稀有","lake","호수","[고유] MP를 소모하는 능력의 피해량 +6/12/18/24/30%","https://img.sephiria.wiki/artifacts/stone_wheel.png","먼 과거, 실을 잣거나 제례에 사용되었습니다.","4","2026-02-12T14:52:25.283167+00:00","False","https://www.sephiria.wiki/artifact","2026-08-02T10:51:21.5595648Z"
"245","lerids_battleb_racelet","레리드의 전투 팔찌","lerids_battleb_racelet","rare","稀有","shadow","그림자","[고유] 대시 횟수 +0/0/1/2
고정 피해 +1/1/2/3
이동 속도 +2/4/6/8%
(3레벨: 대시 무적은 회피 성공 효과로 판정됨)","https://img.sephiria.wiki/artifacts/lerids_battleb_racelet.png","착용 후 발을 무겁게 하기 위해 노력해야 합니다.","3","2026-02-12T14:55:56.400037+00:00","False","https://www.sephiria.wiki/artifact","2026-08-02T10:51:21.5595648Z"
"246","elastic_band","탄성 밴드","elastic_band","advanced","高级","shadow","그림자","[고유] 회피 발동 시 대시 횟수 +1/1/2 회복
치명타 피해 +2/4/6%
회피 +1/2/3","https://img.sephiria.wiki/artifacts/elastic_band.png","뻣뻣한 동물들을 위해서 만들어졌습니다.","2","2026-02-12T14:57:12.574076+00:00","False","https://www.sephiria.wiki/artifact","2026-08-02T10:51:21.5595648Z"
"247","unalloyed_gold_needle","북향의 금빛 침","unalloyed_gold_needle","rare","稀有","","","윗 칸 아티팩트의 피해량 +6/8/10%
등급이 고급 이하라면 추가 피해량 +15/20/25%
직접 피해를 가하는 아티팩트에만 적용","https://img.sephiria.wiki/artifacts/unalloyed_gold_needle.png","자성은 없지만, 언제나 북쪽을 가리키는 붉은 침을 품은 나침반.","2","2026-02-12T14:57:12.574076+00:00","False","https://www.sephiria.wiki/artifact","2026-08-02T10:51:21.5595648Z"
"248","thunder_judgment","천둥의 심판","thunder_judgment","legend","传说","magic_engineering","마법공학","[고유] 스킬 천둥의 심판 획득","https://img.sephiria.wiki/artifacts/thunder_judgment.png","천둥의 심판 마법이 적혀 있는 책","4","2026-02-12T14:57:12.574076+00:00","False","https://www.sephiria.wiki/artifact","2026-08-02T10:51:21.5595648Z"
"249","academy_fountain_pen","아카데미 만년필","academy_fountain_pen","solid","结缚","shadow|academy","그림자|아카데미","[고유] 회피 수치 +5/4/3/2/1당 마법서 피해량 1% 획득
회피 성공 시 모든 마법서 재사용 대기시간 5/10/15/20/25% 가속","https://img.sephiria.wiki/artifacts/academy_fountain_pen.png","비상시에 사용할 수 있는 호신 기능이 있습니다.","4","2026-02-12T14:57:12.574076+00:00","False","https://www.sephiria.wiki/artifact","2026-08-02T10:51:21.5595648Z"
"250","zorous_watering_can","조로우의 물뿌리개","zorous_watering_can","solid","结缚","lake|academy","호수|아카데미","[고유] 최대 MP가 500/400/320/250/200 이상인 경우, 마법서 1회 추가 시전
마법서 피해량 +3/6/9/12/15%","https://img.sephiria.wiki/artifacts/zorous_watering_can.png","식물에게 정확히 필요한 양의 물만 뿌려집니다.","4","2026-02-12T14:57:12.574076+00:00","False","https://www.sephiria.wiki/artifact","2026-08-02T10:51:21.5595648Z"
"251","snow_mountain_big_eared_bat","설산 큰귀박쥐","snow_mountain_big_eared_bat","solid","结缚","glacier|spring_song","빙하|바람노래","[고유] 0.5초마다 동상에 걸린 적에게 얼음 투사체를 발사
[피해량: 0 (얼음속성 피해의 45% x 공격속도의 100/120/140/160/200%)]
이 피해는 서리 손길 효과가 적용되지 않음
공격 속도 +2/5/6/8/10%","https://img.sephiria.wiki/artifacts/snow_mountain_big_eared_bat.png","매우 빠르게 날 수 있지만, 느긋한 걸 좋아합니다.","4","2026-02-12T14:57:12.574076+00:00","False","https://www.sephiria.wiki/artifact","2026-08-02T10:51:21.5595648Z"
"252","plasma_helmet","플라즈마 헬맷","plasma_helmet","solid","结缚","yinggalbul|magic_engineering","잉걸불|마법공학","[고유] 화상과 감전이 플라즈마로 변경
플라즈마 피해량 -15/10/5/0/+5%","https://img.sephiria.wiki/artifacts/plasma_helmet.png","착용자가 공포를 극복한다면, 막강한 힘을 휘두를 수 있습니다.","4","2026-02-12T14:57:12.574076+00:00","False","https://www.sephiria.wiki/artifact","2026-08-02T10:51:21.5595648Z"
"253","red_planet_observation_log","붉은행성 관찰일지","red_planet_observation_log","solid","结缚","planet|yinggalbul","행성|잉걸불","[고유] 행성 공격 적중 시, 화상 틱 피해량에 비례하여 피해량이 증가
아티팩트 등급이 높을수록 증가량 상승
일반: 화상 1틱 피해량
고급: 화상 2틱 피해량
희귀: 화상 3틱 피해량
전설: 화상 4틱 피해량","https://img.sephiria.wiki/artifacts/red_planet_observation_log.png","행성이 붉은빛으로 반짝였다는 내용 이후의 기록은 없습니다.","4","2026-02-12T14:57:12.574076+00:00","False","https://www.sephiria.wiki/artifact","2026-08-02T10:51:21.5595648Z"
"254","water_spirit","물의 정령","water_spirit","solid","结缚","lake|precision","호수|정밀","[고유] 발동형 아티팩트 (재사용 대기시간 8초)
최대 MP 30%를 사용하여, 조준 지점에 '워터 그램' 시전
[피해량: 최대 MP x 160/240/320/400/500]
이 공격의 치명타 피해 10/15/20/25/30% 증폭","https://img.sephiria.wiki/artifacts/water_spirit.png","평소에는 동그란 물구슬 안에서 놀고 있습니다.","4","2026-07-31T14:57:12.574076+00:00","False","https://www.sephiria.wiki/artifact","2026-08-02T10:51:21.5595648Z"
"255","frost_guillotine","혹한의 길로틴","frost_guillotine","solid","结缚","ice_weapon|magic_engineering","얼음무구|마법공학","[고유] 6초마다 주변 적 최대 4명에게 얼음+번개 속성 칼날을 소환. 적에게 감전 피해를 입히면 대기시간 1초로 감소
피해량 : (번개속성 피해, 얼음속성 피해 중 높은 피해 + 낮은 피해의 30%) x 150/200/250%","https://img.sephiria.wiki/artifacts/frost_guillotine.png","동물의 평등을 위해 만들어진 마법 장치","2","2026-07-31T14:57:12.574076+00:00","False","https://www.sephiria.wiki/artifact","2026-08-02T10:51:21.5595648Z"
"256","archive_sun","서고의 태양","archive_sun","solid","结缚","sun_sword|academy","태양검|아카데미","[고유] 마법서 피해량 1%당 태양검 피해량 1% 증가
마법서 피해를 입힐 시, 태양검 0/0/1/1/2회 추가 발동","https://img.sephiria.wiki/artifacts/archive_sun.png","수많은 기록과 연구가 태양의 정령을 현현시킨 순간을 기념한 모형.","4","2026-07-31T14:57:12.574076+00:00","False","https://www.sephiria.wiki/artifact","2026-08-02T10:51:21.5595648Z"
"257","yakumo_kodachi","소태도 야쿠모","yakumo_kodachi","rare","稀有","firmness","견고","대시 공격 피해 +10/20/30/40%
대시 회복 속도 +4/8/12/16%","https://img.sephiria.wiki/artifacts/yakumo_kodachi.png","구름 위를 나는 듯 가벼운 기운이어라.","3","2026-07-31T14:57:12.574076+00:00","False","https://www.sephiria.wiki/artifact","2026-08-02T10:51:21.5595648Z"
"258","angry_potato","화난 감자","angry_potato","rare","稀有","alchemy","연금술","[고유] 방어 관통 +4/7/11/15%
행운 +1/2/3/4
이동 속도 +5/5/10/10%","https://img.sephiria.wiki/artifacts/angry_potato.png","물 대신 다양한 포션을 먹여 키운 감자.","3","2026-07-31T14:57:12.574076+00:00","False","https://www.sephiria.wiki/artifact","2026-08-02T10:51:21.5595648Z"
"259","wanderer_blessing","나그네의 축복","wanderer_blessing","rare","稀有","alchemy","연금술","[고유] 무기 피해량 +4/8/12%
마법서 피해량 +4/8/12%
고정 피해 +0/1/2
이동 속도 +3/6/9%","https://img.sephiria.wiki/artifacts/wanderer_blessing.png","나그네가 쓰다듬어 주었다.","2","2026-07-31T14:57:12.574076+00:00","False","https://www.sephiria.wiki/artifact","2026-08-02T10:51:21.5595648Z"
"260","alchemist_flask","나그네의 축복","alchemist_flask","rare","稀有","alchemy","연금술","[고유] 포션을 마시면 15초 동안 모든 피해 증폭 +5/10/15 증가 버프 획득","https://img.sephiria.wiki/artifacts/alchemist_flask.png","단순하지만 수많은 실험을 통해 계량된 유리병","2","2026-07-31T14:57:12.574076+00:00","False","https://www.sephiria.wiki/artifact","2026-08-02T10:51:21.5595648Z"
"261","courage_amulet","용기의 아뮬렛","courage_amulet","advanced","高级","firmness","견고","[고유] 무기 피해량 +3/6/10%
HP 흡수 +1/1/1
대검 전용","https://img.sephiria.wiki/artifacts/courage_amulet.png","소지하면 왠지 힘이 샘솟는 것 같다.","2","2026-07-31T14:57:12.574076+00:00","False","https://www.sephiria.wiki/artifact","2026-08-02T10:51:21.5595648Z"
"262","whirlwind_stone","회오리 돌","whirlwind_stone","advanced","高级","","","[고유] 모든 피해 증폭 +2/?/?/?%
이동 속도 +6/?/?/?%","https://img.sephiria.wiki/artifacts/whirlwind_stone.png","시간과 공간이 휘몰아치는 곳에서 왔다고 전해지는 돌","3","2026-07-31T00:00:00+00:00","False","https://www.sephiria.wiki/artifact","2026-08-02T10:51:21.5595648Z"
"263","toxic_spore_pouch","맹독 포자 주머니","toxic_spore_pouch","rare","稀有","","","보스와 미니보스에게 주는 추가 피해량 +4/6/8/10%","https://img.sephiria.wiki/artifacts/toxic_spore_pouch.png","껍질이 딱딱해도 취급에 주의하세요.","3","2026-07-31T00:00:00+00:00","False","https://www.sephiria.wiki/artifact","2026-08-02T10:51:21.5595648Z"
"264","topaz_badge","토파즈 배지","topaz_badge","advanced","高级","","","[고유] 무기 피해량 +2/4/6/8/10%
번개속성 피해 +2/3/4/5/6","https://img.sephiria.wiki/artifacts/topaz_badge.png","아카데미에서 총명을 보인 학생에게 주어지는 배지","4","2026-07-31T00:00:00+00:00","False","https://www.sephiria.wiki/artifact","2026-08-02T10:51:21.5595648Z"
"265","garnet_badge","가넷 배지","garnet_badge","advanced","高级","","","[고유] 무기 피해량 +2/4/6/8/10%
화염속성 피해 +2/3/4/5/6","https://img.sephiria.wiki/artifacts/garnet_badge.png","아카데미에서 열정을 보인 학생에게 주어지는 배지","4","2026-07-31T00:00:00+00:00","False","https://www.sephiria.wiki/artifact","2026-08-02T10:51:21.5595648Z"
"266","diamond_badge","다이아몬드 배지","diamond_badge","advanced","高级","","","[고유] 무기 피해량 +2/4/6/8/10%
얼음속성 피해 +2/3/4/5/6","https://img.sephiria.wiki/artifacts/diamond_badge.png","","4","2026-07-31T00:00:00+00:00","False","https://www.sephiria.wiki/artifact","2026-08-02T10:51:21.5595648Z"
"267","red_mushroom","빨간 버섯","red_mushroom","advanced","高级","","","[고유] 디버프로 주는 피해량 +4/?/?/?%당 공격 속도 1% 증가","https://img.sephiria.wiki/artifacts/red_mushroom.png","스튜로 만들기에는 수상한 색을 띠고 있습니다.","3","2026-07-31T00:00:00+00:00","False","https://www.sephiria.wiki/artifact","2026-08-02T10:51:21.5595648Z"
"268","tome_of_transmutation_lightning","변환의 서 : 번개","tome_of_transmutation_lightning","rare","稀有","","","[고유] 추가 물리 피해가 0이 되고, 그 20/40/60/80/100%가 번개속성 피해로 변환","https://img.sephiria.wiki/artifacts/tome_of_transmutation_lightning.png","소지자의 힘을 번개 속성으로 바꾸는 책, 처음의 무력감은 금방 사라집니다","4","2026-07-31T00:00:00+00:00","False","https://www.sephiria.wiki/artifact","2026-08-02T10:51:21.5595648Z"
"269","tome_of_transmutation_ice","변환의 서 : 얼음","tome_of_transmutation_ice","rare","稀有","","","[고유] 추가 물리 피해가 0이 되고, 그 20/40/60/80/100%가 얼음속성 피해로 변환","https://img.sephiria.wiki/artifacts/tome_of_transmutation_ice.png","소지자의 힘을 얼음 속성으로 바꾸는 책, 처음의 무력감은 금방 사라집니다.","4","2026-07-31T00:00:00+00:00","False","https://www.sephiria.wiki/artifact","2026-08-02T10:51:21.5595648Z"
"270","tome_of_transmutation_fire","변환의 서 : 화염","tome_of_transmutation_fire","rare","稀有","","","[고유] 추가 물리 피해가 0이 되고, 그 20/40/60/80/100%가 화염속성 피해로 변환","https://img.sephiria.wiki/artifacts/tome_of_transmutation_fire.png","소지자의 힘을 화염 속성으로 바꾸는 책, 처음의 무력감은 금방 사라집니다","4","2026-07-31T00:00:00+00:00","False","https://www.sephiria.wiki/artifact","2026-08-02T10:51:21.5595648Z"
"271","bento","도시락","bento","advanced","高级","","","HP 흡수 +?/?/?/?/2","https://img.sephiria.wiki/artifacts/bento.png","생당근, 삶은 당근, 구운 당근이 들어있는 것 같다.","4","2026-07-31T00:00:00+00:00","False","https://www.sephiria.wiki/artifact","2026-08-02T10:51:21.5595648Z"
"272","cursed_letter","저주받은 편지","cursed_letter","advanced","高级","","","가시 +?/?/200%
공격 속도 -?/?/4%","https://img.sephiria.wiki/artifacts/cursed_letter.png","나흘째 떠나지 못한 편지. 찌릿찌릿한 원한이 느껴집니다.","2","2026-07-31T00:00:00+00:00","False","https://www.sephiria.wiki/artifact","2026-08-02T10:51:21.5595648Z"
